"","academic_year","pupils_name","parental_contact_full_name","parental_contact_email"
"1",2,"Nellies, Ronna","Nellies, Purcell","Nellies.Purcell@Demizz.com"
"2",4,"Andriulis, Rusty","Andriulis, Vassili","Andriulis.Vassili@Brainbox.com"
"3",4,"Oakeshott, Roberta","Oakeshott, Lind","Oakeshott.Lind@Centidel.com"
"4",4,"Rubinfajn, Lola","Rubinfajn, Elie","Rubinfajn.Elie@Edgeblab.com"
"5",4,"Benedtti, Kamila","Benedtti, Adela","Benedtti.Adela@Trudoo.com"
"6",4,"Colebourn, Avery","Colebourn, Dalenna","Colebourn.Dalenna@Linktype.com"
"7",1,"Klimko, Valentino","Klimko, Arlette","Klimko.Arlette@Thoughtblab.com"
"8",1,"Shearwood, Cal","Shearwood, Leontine","Shearwood.Leontine@Browseblab.com"
"9",3,"Truswell, King","Truswell, Evvy","Truswell.Evvy@Photospace.com"
"10",1,"Stichall, Towney","Stichall, Wendie","Stichall.Wendie@Kwimbee.com"
"11",3,"Mc Dermid, Aubrette","Mc Dermid, Emilee","Mc Dermid.Emilee@Oyonder.com"
"12",3,"Chatres, Adah","Chatres, Claudine","Chatres.Claudine@Jabbercube.com"
"13",2,"Titterton, Benedikt","Titterton, Zelma","Titterton.Zelma@Blogtag.com"
"14",3,"Harberer, Rosina","Harberer, Esther","Harberer.Esther@Trilith.com"
"15",3,"Filinkov, Panchito","Filinkov, Darbee","Filinkov.Darbee@Flashspan.com"
"16",3,"Strike, Samara","Strike, Winna","Strike.Winna@Innojam.com"
"17",4,"McCormack, Joane","McCormack, Marsiella","McCormack.Marsiella@Zooxo.com"
"18",2,"Sitlinton, Griffie","Sitlinton, Hunfredo","Sitlinton.Hunfredo@Meedoo.com"
"19",1,"Silversmidt, Gilberta","Silversmidt, Tawsha","Silversmidt.Tawsha@Babbleblab.com"
"20",4,"Matkovic, Marjie","Matkovic, Ev","Matkovic.Ev@Youbridge.com"
"21",4,"Cowterd, Uri","Cowterd, Chrystal","Cowterd.Chrystal@Jabbersphere.com"
"22",1,"Mattisson, Korella","Mattisson, Sherie","Mattisson.Sherie@Flipopia.com"
"23",2,"Schonfelder, Findlay","Schonfelder, Aldridge","Schonfelder.Aldridge@Dabtype.com"
"24",3,"Jantzen, Jaquelyn","Jantzen, Walther","Jantzen.Walther@Vitz.com"
"25",4,"Gradwell, Davina","Gradwell, Ketti","Gradwell.Ketti@Leexo.com"
"26",2,"Selby, Nicolea","Selby, Kippie","Selby.Kippie@Kwimbee.com"
"27",3,"Alelsandrovich, Moselle","Alelsandrovich, Quentin","Alelsandrovich.Quentin@Feedfire.com"
"28",1,"Nieass, Honey","Nieass, Sela","Nieass.Sela@Gigabox.com"
"29",3,"Godfroy, Akim","Godfroy, Diarmid","Godfroy.Diarmid@Buzzshare.com"
"30",3,"Floch, Karole","Floch, Allie","Floch.Allie@Zava.com"
"31",1,"Feldbaum, Nata","Feldbaum, Sloane","Feldbaum.Sloane@Skidoo.com"
"32",4,"Antonucci, Jaquelin","Antonucci, Mathe","Antonucci.Mathe@DabZ.com"
"33",2,"Hallums, Candra","Hallums, Raquela","Hallums.Raquela@Realbridge.com"
"34",1,"Masters, Den","Masters, Hermon","Masters.Hermon@Photospace.com"
"35",4,"Marris, Janifer","Marris, Lars","Marris.Lars@Thoughtworks.com"
"36",4,"Bremmer, Carolus","Bremmer, Gal","Bremmer.Gal@Kanoodle.com"
"37",1,"Addicote, Casey","Addicote, Vina","Addicote.Vina@Fiveclub.com"
"38",2,"De Ath, Brigida","De Ath, Alastair","De Ath.Alastair@Eamia.com"
"39",4,"Severs, Kimberli","Severs, Annabell","Severs.Annabell@Jaxspan.com"
"40",2,"Blumson, Maribeth","Blumson, Louis","Blumson.Louis@Topicblab.com"
"41",3,"Rosenauer, Arabele","Rosenauer, Vernen","Rosenauer.Vernen@Zava.com"
"42",2,"Cominetti, Madison","Cominetti, Paulie","Cominetti.Paulie@Tekfly.com"
"43",2,"Knoton, Verina","Knoton, Melantha","Knoton.Melantha@Jabbercube.com"
"44",2,"Clubbe, Wolfgang","Clubbe, Axel","Clubbe.Axel@Cogilith.com"
"45",1,"Mazdon, Davin","Mazdon, Deena","Mazdon.Deena@Ainyx.com"
"46",2,"McIlwaine, Constantina","McIlwaine, Onfre","McIlwaine.Onfre@Thoughtstorm.com"
"47",1,"Merredy, Sayre","Merredy, Antoni","Merredy.Antoni@Browsebug.com"
"48",2,"Jeannot, Rodrick","Jeannot, Shauna","Jeannot.Shauna@Bubbletube.com"
"49",1,"Guerre, Kain","Guerre, Alexandros","Guerre.Alexandros@Roomm.com"
"50",2,"Fieldstone, Blinni","Fieldstone, Odelle","Fieldstone.Odelle@Yoveo.com"
"51",2,"Goscomb, Annabell","Goscomb, Joann","Goscomb.Joann@Photofeed.com"
"52",1,"Benazet, Clayborn","Benazet, Robers","Benazet.Robers@Devpoint.com"
"53",1,"Henze, Mahala","Henze, Fredra","Henze.Fredra@Meevee.com"
"54",4,"Berzen, Lanette","Berzen, Chrisy","Berzen.Chrisy@Roombo.com"
"55",3,"Ruckhard, Keefer","Ruckhard, Ashlie","Ruckhard.Ashlie@Dynazzy.com"
"56",2,"Truelock, Merrili","Truelock, Felicdad","Truelock.Felicdad@Meembee.com"
"57",1,"Goutcher, Joete","Goutcher, Mandi","Goutcher.Mandi@Flipstorm.com"
"58",4,"Palfreman, Miguelita","Palfreman, Liliane","Palfreman.Liliane@Wikizz.com"
"59",4,"Mattes, Ossie","Mattes, Clea","Mattes.Clea@Jaxspan.com"
"60",2,"Vernay, Bear","Vernay, Joanie","Vernay.Joanie@Quaxo.com"
"61",1,"Wragge, Teodor","Wragge, Dotti","Wragge.Dotti@Zoomlounge.com"
"62",2,"Whitelaw, Daisie","Whitelaw, Annabella","Whitelaw.Annabella@Rhynyx.com"
"63",1,"Littley, Emlynne","Littley, Lilli","Littley.Lilli@Kare.com"
"64",4,"Walsh, Britni","Walsh, Wilma","Walsh.Wilma@Yamia.com"
"65",3,"Inseal, Marys","Inseal, Lisle","Inseal.Lisle@Kamba.com"
"66",2,"Massow, Paxton","Massow, Codie","Massow.Codie@Jabbertype.com"
"67",3,"Scain, Kerby","Scain, Clarette","Scain.Clarette@Zava.com"
"68",2,"Lamplough, Johnathan","Lamplough, Demetris","Lamplough.Demetris@Tagcat.com"
"69",3,"Donald, Jeni","Donald, Mariska","Donald.Mariska@Rhybox.com"
"70",3,"Abrahamsohn, Sylvia","Abrahamsohn, Fin","Abrahamsohn.Fin@Fivebridge.com"
"71",4,"Stoyle, Cinnamon","Stoyle, Valerye","Stoyle.Valerye@Browsecat.com"
"72",3,"Amey, Issi","Amey, Llewellyn","Amey.Llewellyn@Fiveclub.com"
"73",3,"Letson, Brion","Letson, Brewster","Letson.Brewster@Gigashots.com"
"74",4,"Sire, Nappie","Sire, Hansiain","Sire.Hansiain@Avamba.com"
"75",4,"Chapelle, Pattie","Chapelle, Orazio","Chapelle.Orazio@Trilia.com"
"76",4,"Armit, Brynna","Armit, Evania","Armit.Evania@Jamia.com"
"77",2,"Bruinsma, Gauthier","Bruinsma, Massimiliano","Bruinsma.Massimiliano@Skaboo.com"
"78",2,"Gudgeon, Pren","Gudgeon, Hobard","Gudgeon.Hobard@Tagopia.com"
"79",2,"Husthwaite, Wyn","Husthwaite, Hector","Husthwaite.Hector@Vinte.com"
"80",4,"Padrick, Allianora","Padrick, Engracia","Padrick.Engracia@Jabbercube.com"
"81",3,"Bennough, Malena","Bennough, Rianon","Bennough.Rianon@Photolist.com"
"82",3,"Winscom, Jarret","Winscom, Beilul","Winscom.Beilul@Gabtune.com"
"83",2,"Salmen, Ree","Salmen, Laughton","Salmen.Laughton@Zoombox.com"
"84",1,"Dommerque, Hope","Dommerque, Horace","Dommerque.Horace@Midel.com"
"85",3,"Trowle, Guillermo","Trowle, Marina","Trowle.Marina@Wikizz.com"
"86",2,"Cottingham, Tibold","Cottingham, Augy","Cottingham.Augy@Wordware.com"
"87",2,"Poxton, Cecilia","Poxton, Zea","Poxton.Zea@Rhynyx.com"
"88",2,"Sleney, Arri","Sleney, Waylin","Sleney.Waylin@Skilith.com"
"89",4,"Isenor, Regina","Isenor, Fern","Isenor.Fern@Skiba.com"
"90",4,"Roll, Annalise","Roll, Malinde","Roll.Malinde@Trupe.com"
"91",2,"Blyth, Othello","Blyth, Beitris","Blyth.Beitris@Realpoint.com"
"92",4,"Heyball, Ave","Heyball, Gregg","Heyball.Gregg@Twinder.com"
"93",1,"Civitillo, Friederike","Civitillo, Venus","Civitillo.Venus@Yamia.com"
"94",2,"Rizzini, Hayley","Rizzini, Darryl","Rizzini.Darryl@Oodoo.com"
"95",2,"Monery, Blakelee","Monery, Zsa zsa","Monery.Zsa zsa@Skyvu.com"
"96",3,"Cowton, Jacenta","Cowton, Jenny","Cowton.Jenny@Voonyx.com"
"97",1,"Westmoreland, Karlyn","Westmoreland, Isador","Westmoreland.Isador@Tazzy.com"
"98",1,"Bachellier, Yancey","Bachellier, Orren","Bachellier.Orren@Realblab.com"
"99",4,"Lissandrini, Nerte","Lissandrini, Quinlan","Lissandrini.Quinlan@Abata.com"
"100",1,"Crosthwaite, Dorolice","Crosthwaite, Knox","Crosthwaite.Knox@JumpXS.com"
"101",4,"Thorley, Brantley","Thorley, Haywood","Thorley.Haywood@Viva.com"
"102",1,"Cypler, Robin","Cypler, Billie","Cypler.Billie@Devshare.com"
"103",4,"Allsepp, Phillie","Allsepp, Cecelia","Allsepp.Cecelia@Skaboo.com"
"104",3,"Artz, Toddie","Artz, Saidee","Artz.Saidee@Zooxo.com"
"105",1,"Antoshin, Marje","Antoshin, Vassily","Antoshin.Vassily@Topicstorm.com"
"106",1,"Blazdell, Rochella","Blazdell, Rickie","Blazdell.Rickie@Dynava.com"
"107",1,"Thursfield, Aryn","Thursfield, Orbadiah","Thursfield.Orbadiah@Tekfly.com"
"108",2,"Antowski, Isaiah","Antowski, Man","Antowski.Man@Agimba.com"
"109",2,"Owbridge, Helli","Owbridge, Denise","Owbridge.Denise@Linklinks.com"
"110",4,"Scourgie, Hadrian","Scourgie, Elena","Scourgie.Elena@Linkbridge.com"
"111",2,"Nanetti, Toddie","Nanetti, Kit","Nanetti.Kit@Mynte.com"
"112",4,"Sugar, Inger","Sugar, Collin","Sugar.Collin@Divanoodle.com"
"113",1,"Meyer, Lezlie","Meyer, Nevile","Meyer.Nevile@Fiveclub.com"
"114",1,"Krinks, Rowland","Krinks, Durward","Krinks.Durward@Flashspan.com"
"115",4,"Baumber, Fair","Baumber, Elnar","Baumber.Elnar@Oyope.com"
"116",2,"Graver, Ekaterina","Graver, Adam","Graver.Adam@Thoughtbridge.com"
"117",2,"Spear, Farris","Spear, Marcella","Spear.Marcella@Skipfire.com"
"118",2,"Croisier, Shanie","Croisier, Murray","Croisier.Murray@Skalith.com"
"119",4,"Skerme, Fredric","Skerme, Katinka","Skerme.Katinka@Edgeblab.com"
"120",4,"Udall, Christoph","Udall, Lanna","Udall.Lanna@Divavu.com"
"121",4,"Koba, Jared","Koba, Abbie","Koba.Abbie@Yakitri.com"
"122",2,"Gouley, Lucina","Gouley, Neall","Gouley.Neall@Browsecat.com"
"123",4,"Fosbraey, Milka","Fosbraey, Tildie","Fosbraey.Tildie@Livetube.com"
"124",3,"Aldwinckle, Iseabal","Aldwinckle, Averill","Aldwinckle.Averill@Trunyx.com"
"125",4,"Featherstonehaugh, Colet","Featherstonehaugh, Carmina","Featherstonehaugh.Carmina@Pixoboo.com"
"126",1,"Skaif, Jewelle","Skaif, Claus","Skaif.Claus@Zoozzy.com"
"127",3,"Plumridge, Brose","Plumridge, Tudor","Plumridge.Tudor@Eare.com"
"128",2,"Oldknow, Dotty","Oldknow, Valentina","Oldknow.Valentina@Janyx.com"
"129",2,"Conneely, Stacy","Conneely, Emmalee","Conneely.Emmalee@Kayveo.com"
"130",2,"Ballister, Iona","Ballister, Sutton","Ballister.Sutton@Zoombeat.com"
"131",2,"Curgenuer, Windy","Curgenuer, Jaquelin","Curgenuer.Jaquelin@Minyx.com"
"132",1,"Echalie, Kienan","Echalie, Leonard","Echalie.Leonard@Digitube.com"
"133",2,"Curley, Nollie","Curley, Phyllida","Curley.Phyllida@Thoughtsphere.com"
"134",4,"McGrory, Joelle","McGrory, Annissa","McGrory.Annissa@Eabox.com"
"135",4,"Schmidt, Pooh","Schmidt, Prue","Schmidt.Prue@BlogXS.com"
"136",4,"Phelipeaux, Coral","Phelipeaux, Evangelina","Phelipeaux.Evangelina@Livepath.com"
"137",1,"McKeachie, Gifford","McKeachie, Elbertine","McKeachie.Elbertine@Eimbee.com"
"138",2,"Videan, Orelee","Videan, Sterne","Videan.Sterne@Fadeo.com"
"139",2,"Scamerden, Toiboid","Scamerden, Esma","Scamerden.Esma@Jabbersphere.com"
"140",3,"Longstaff, Shirline","Longstaff, Clifford","Longstaff.Clifford@Youbridge.com"
"141",2,"D'Alessandro, Hurley","D'Alessandro, Sofia","D'Alessandro.Sofia@Miboo.com"
"142",1,"Di Domenico, Orelia","Di Domenico, Humfrid","Di Domenico.Humfrid@Zooxo.com"
"143",3,"O'Corrin, Glynda","O'Corrin, Thorn","O'Corrin.Thorn@Quimm.com"
"144",2,"Caraher, Bailie","Caraher, Yolanthe","Caraher.Yolanthe@Kimia.com"
"145",3,"Pattenden, Elizabeth","Pattenden, Jeff","Pattenden.Jeff@BlogXS.com"
"146",2,"Lardnar, Florian","Lardnar, Boycey","Lardnar.Boycey@Snaptags.com"
"147",3,"Caherny, Chantal","Caherny, Morena","Caherny.Morena@Demizz.com"
"148",4,"McMenamin, Sasha","McMenamin, Gaultiero","McMenamin.Gaultiero@Agimba.com"
"149",4,"Verbeek, Ivar","Verbeek, Kienan","Verbeek.Kienan@Devpulse.com"
"150",3,"Challicombe, Jamaal","Challicombe, Bettine","Challicombe.Bettine@Yodoo.com"
"151",3,"Milnes, Cello","Milnes, Irving","Milnes.Irving@Photobean.com"
"152",3,"Leinster, Leese","Leinster, Nonnah","Leinster.Nonnah@Avaveo.com"
"153",1,"Bernardet, Aleece","Bernardet, Milicent","Bernardet.Milicent@Thoughtbridge.com"
"154",4,"Penwell, Archibaldo","Penwell, Marjy","Penwell.Marjy@Twitterbeat.com"
"155",1,"Dodding, Berkly","Dodding, Vincenz","Dodding.Vincenz@Realpoint.com"
"156",1,"Stive, Ynez","Stive, Alane","Stive.Alane@Livetube.com"
"157",3,"Ebbin, Francene","Ebbin, Wilburt","Ebbin.Wilburt@JumpXS.com"
"158",4,"Bowring, Ilise","Bowring, Hatty","Bowring.Hatty@Ozu.com"
"159",2,"Knoton, Clo","Knoton, Demetris","Knoton.Demetris@Skimia.com"
"160",2,"Valti, Guthrie","Valti, Frankie","Valti.Frankie@Chatterbridge.com"
"161",3,"Whartonby, Stacey","Whartonby, Bailey","Whartonby.Bailey@Fatz.com"
"162",1,"Siggers, Ernesta","Siggers, Anet","Siggers.Anet@Thoughtsphere.com"
"163",3,"Espinet, Denice","Espinet, Clementius","Espinet.Clementius@Myworks.com"
"164",4,"Luesley, Antin","Luesley, Elspeth","Luesley.Elspeth@Ozu.com"
"165",4,"Brash, Alon","Brash, Katya","Brash.Katya@Youspan.com"
"166",2,"Penke, Harlen","Penke, Janaya","Penke.Janaya@Flipopia.com"
"167",4,"Anten, Pyotr","Anten, Madelene","Anten.Madelene@Jaxbean.com"
"168",4,"Skelton, Sean","Skelton, Bridie","Skelton.Bridie@Quatz.com"
"169",3,"Johanssen, Cary","Johanssen, Elonore","Johanssen.Elonore@Tagopia.com"
"170",2,"Keywood, Yuri","Keywood, Kandace","Keywood.Kandace@Photojam.com"
"171",1,"Narducci, Ronnie","Narducci, Thibaud","Narducci.Thibaud@Eadel.com"
"172",3,"Longmore, Chucho","Longmore, Kristen","Longmore.Kristen@Photobean.com"
"173",2,"Kupka, Caleb","Kupka, Mandi","Kupka.Mandi@Yadel.com"
"174",1,"Harmant, Robbin","Harmant, Ana","Harmant.Ana@Meedoo.com"
"175",2,"Shotboult, Gaylor","Shotboult, Shauna","Shotboult.Shauna@Eadel.com"
"176",4,"Tolefree, Lamont","Tolefree, Tim","Tolefree.Tim@Quire.com"
"177",4,"Upjohn, Wood","Upjohn, Marlo","Upjohn.Marlo@Edgeblab.com"
"178",4,"Seeds, Brady","Seeds, Lita","Seeds.Lita@Fivebridge.com"
"179",2,"Litherborough, Selma","Litherborough, Kaile","Litherborough.Kaile@Katz.com"
"180",2,"Peasee, Carly","Peasee, Teddi","Peasee.Teddi@Tambee.com"
"181",2,"Artinstall, Rose","Artinstall, Lian","Artinstall.Lian@LiveZ.com"
"182",3,"Oleksiak, Hi","Oleksiak, Faina","Oleksiak.Faina@Meetz.com"
"183",2,"Smardon, Berti","Smardon, Katinka","Smardon.Katinka@Bubbletube.com"
"184",3,"Halbard, Lorraine","Halbard, Rhianon","Halbard.Rhianon@Skynoodle.com"
"185",3,"Sherewood, Aldis","Sherewood, Carma","Sherewood.Carma@Brainbox.com"
"186",3,"McGourty, Rabbi","McGourty, Belia","McGourty.Belia@Aimbo.com"
"187",2,"Layson, Julietta","Layson, Sadella","Layson.Sadella@Browsecat.com"
"188",1,"Ditch, Graehme","Ditch, Ynes","Ditch.Ynes@Skivee.com"
"189",4,"Zanussii, Benetta","Zanussii, Ephraim","Zanussii.Ephraim@Oodoo.com"
"190",2,"Seelbach, Pandora","Seelbach, Baldwin","Seelbach.Baldwin@Cogilith.com"
"191",2,"Crotty, Hatty","Crotty, Caspar","Crotty.Caspar@Realfire.com"
"192",1,"Pogue, Tessa","Pogue, Moe","Pogue.Moe@Mydeo.com"
"193",2,"Doogan, Grantley","Doogan, Garrett","Doogan.Garrett@Pixoboo.com"
"194",1,"Lanning, Sunny","Lanning, Lorin","Lanning.Lorin@Tagpad.com"
"195",3,"Applegarth, L;urette","Applegarth, Bonny","Applegarth.Bonny@Edgeblab.com"
"196",1,"Oscroft, Wendy","Oscroft, Tore","Oscroft.Tore@Meemm.com"
"197",1,"Baldack, Ev","Baldack, Emilio","Baldack.Emilio@Tekfly.com"
"198",4,"Pesek, Jania","Pesek, Malorie","Pesek.Malorie@Quinu.com"
"199",3,"Shenton, Kelley","Shenton, Caron","Shenton.Caron@Eamia.com"
"200",1,"Sekulla, Doralynne","Sekulla, Bertine","Sekulla.Bertine@Mydo.com"
"201",3,"Harrald, Price","Harrald, Nanci","Harrald.Nanci@Chatterpoint.com"
"202",1,"Welburn, Allen","Welburn, Gwyn","Welburn.Gwyn@Jabberstorm.com"
"203",1,"Doag, Merwin","Doag, Sophronia","Doag.Sophronia@Skiba.com"
"204",3,"Symonds, Jeannette","Symonds, Rheba","Symonds.Rheba@Vipe.com"
"205",4,"Heckner, Valaree","Heckner, Gabie","Heckner.Gabie@Jaxbean.com"
"206",2,"Palmar, Gussie","Palmar, Sasha","Palmar.Sasha@Devcast.com"
"207",2,"Beggan, Yehudi","Beggan, Shawnee","Beggan.Shawnee@Topicstorm.com"
"208",1,"Tuson, Drusilla","Tuson, Flossy","Tuson.Flossy@Browseblab.com"
"209",2,"Dowtry, Alanah","Dowtry, Erena","Dowtry.Erena@Topicblab.com"
"210",1,"Cobleigh, Kathlin","Cobleigh, Julita","Cobleigh.Julita@Agivu.com"
"211",2,"Curston, Layne","Curston, Lion","Curston.Lion@Mybuzz.com"
"212",1,"Shropshire, Idell","Shropshire, Tandi","Shropshire.Tandi@Edgeclub.com"
"213",2,"Whelan, Kimbra","Whelan, Humbert","Whelan.Humbert@Thoughtbeat.com"
"214",3,"Godsell, Nadean","Godsell, Audi","Godsell.Audi@Tavu.com"
"215",3,"Liger, Katinka","Liger, Gavan","Liger.Gavan@Katz.com"
"216",3,"Kettles, Fallon","Kettles, Isador","Kettles.Isador@Avavee.com"
"217",1,"Powland, Tally","Powland, Humberto","Powland.Humberto@Blognation.com"
"218",1,"Jerosch, Nolan","Jerosch, Hedy","Jerosch.Hedy@Quatz.com"
"219",4,"Yukhnini, Viva","Yukhnini, Robbie","Yukhnini.Robbie@Digitube.com"
"220",2,"Jurewicz, Nevile","Jurewicz, Sarge","Jurewicz.Sarge@Lazz.com"
"221",2,"Kaes, Brand","Kaes, Chane","Kaes.Chane@Feedfire.com"
"222",4,"De la Yglesia, Celine","De la Yglesia, Margalit","De la Yglesia.Margalit@Voomm.com"
"223",3,"Snary, Adrian","Snary, Kenton","Snary.Kenton@Fivebridge.com"
"224",1,"Casterot, Anny","Casterot, Fionnula","Casterot.Fionnula@Zava.com"
"225",4,"Cosins, Jacques","Cosins, Hale","Cosins.Hale@Kimia.com"
"226",2,"Greenhalf, Lauretta","Greenhalf, Maible","Greenhalf.Maible@Voomm.com"
"227",3,"Condie, Ettie","Condie, Elenore","Condie.Elenore@Kwilith.com"
"228",4,"Fellows, Tailor","Fellows, Nelie","Fellows.Nelie@Livetube.com"
"229",2,"Szimon, Iago","Szimon, Katherine","Szimon.Katherine@Rhyloo.com"
"230",2,"Kittow, Howard","Kittow, Rafe","Kittow.Rafe@Buzzster.com"
"231",3,"Okenden, Smith","Okenden, Tallie","Okenden.Tallie@Mymm.com"
"232",2,"Kibby, West","Kibby, Peggi","Kibby.Peggi@Vinder.com"
"233",2,"Randalston, Perren","Randalston, Wilton","Randalston.Wilton@Quamba.com"
"234",2,"Chiese, Garnette","Chiese, Glenden","Chiese.Glenden@Aibox.com"
"235",4,"Huntingdon, Mace","Huntingdon, Jamison","Huntingdon.Jamison@Oodoo.com"
"236",1,"Parysowna, Konstantine","Parysowna, Nevins","Parysowna.Nevins@Photobug.com"
"237",4,"Oseman, Cristina","Oseman, Dara","Oseman.Dara@Fivespan.com"
"238",3,"McClements, Finley","McClements, Bryna","McClements.Bryna@Voolith.com"
"239",1,"Barends, Vic","Barends, Teodor","Barends.Teodor@Gigashots.com"
"240",4,"Coyle, Bartholomew","Coyle, Brooke","Coyle.Brooke@Twimm.com"
"241",4,"Dunlea, Krystal","Dunlea, Lexine","Dunlea.Lexine@Rhynoodle.com"
"242",2,"Lundy, Mireielle","Lundy, Madge","Lundy.Madge@Twinte.com"
"243",4,"Almond, Sharla","Almond, Dita","Almond.Dita@Flashspan.com"
"244",4,"Templeton, Sibeal","Templeton, Quintus","Templeton.Quintus@Mybuzz.com"
"245",4,"Clayworth, Pearce","Clayworth, Anitra","Clayworth.Anitra@Divavu.com"
"246",3,"Greder, Sheelah","Greder, Katya","Greder.Katya@Feedfish.com"
"247",1,"Wybrow, Joly","Wybrow, Benoit","Wybrow.Benoit@Talane.com"
"248",4,"Antonazzi, Bondon","Antonazzi, Vite","Antonazzi.Vite@Rhynoodle.com"
"249",4,"Biglin, Gwen","Biglin, Winifred","Biglin.Winifred@Eidel.com"
"250",1,"Blowen, Kip","Blowen, Heindrick","Blowen.Heindrick@Twiyo.com"
"251",3,"Orrocks, Moises","Orrocks, Gregorius","Orrocks.Gregorius@Pixoboo.com"
"252",3,"Shoveller, Norbie","Shoveller, Raine","Shoveller.Raine@Jabberstorm.com"
"253",2,"Piperley, Matty","Piperley, Hans","Piperley.Hans@Ooba.com"
"254",1,"Scamadine, Wileen","Scamadine, Giselbert","Scamadine.Giselbert@Eidel.com"
"255",4,"Batiste, Armstrong","Batiste, Reuben","Batiste.Reuben@JumpXS.com"
"256",3,"Blanning, Daisey","Blanning, Danit","Blanning.Danit@Centimia.com"
"257",1,"Ouchterlony, Jammal","Ouchterlony, Ellette","Ouchterlony.Ellette@Oozz.com"
"258",1,"Whittier, Cynthea","Whittier, Pansy","Whittier.Pansy@Vitz.com"
"259",1,"Reynard, Templeton","Reynard, Randie","Reynard.Randie@Meezzy.com"
"260",1,"Sarre, Baron","Sarre, Harland","Sarre.Harland@Skaboo.com"
"261",1,"Adds, Rex","Adds, Hetti","Adds.Hetti@Quimm.com"
"262",4,"Pollie, Oberon","Pollie, Wileen","Pollie.Wileen@Edgetag.com"
"263",1,"Messitt, Dorita","Messitt, Early","Messitt.Early@Bluejam.com"
"264",4,"Kitlee, Floria","Kitlee, Billi","Kitlee.Billi@Ntags.com"
"265",4,"Bartles, James","Bartles, Della","Bartles.Della@Quaxo.com"
"266",3,"Yashaev, Jay","Yashaev, Moise","Yashaev.Moise@Devpoint.com"
"267",2,"Sanderson, Leshia","Sanderson, Denice","Sanderson.Denice@Mycat.com"
"268",1,"Glanz, Tiffy","Glanz, Kirbie","Glanz.Kirbie@Photofeed.com"
"269",1,"Dod, Kizzie","Dod, Lucien","Dod.Lucien@Izio.com"
"270",2,"Lethardy, Madlen","Lethardy, Lennie","Lethardy.Lennie@Tambee.com"
"271",2,"Brende, Estella","Brende, Frankie","Brende.Frankie@Wordware.com"
"272",3,"Barstock, Grover","Barstock, Lucie","Barstock.Lucie@Skyba.com"
"273",4,"Marquiss, Amalee","Marquiss, Keary","Marquiss.Keary@Youbridge.com"
"274",4,"Blyth, Megan","Blyth, Marcus","Blyth.Marcus@Shuffledrive.com"
"275",2,"Fibbit, Willette","Fibbit, Frank","Fibbit.Frank@Fanoodle.com"
"276",1,"Dymond, Calida","Dymond, Daisy","Dymond.Daisy@Jaxworks.com"
"277",3,"Ricardin, Aharon","Ricardin, Audre","Ricardin.Audre@Photobug.com"
"278",2,"Petyanin, Maurits","Petyanin, Jocelyn","Petyanin.Jocelyn@Buzzster.com"
"279",3,"Polglaze, Ermanno","Polglaze, Giovanni","Polglaze.Giovanni@Jayo.com"
"280",4,"Borrel, Ancell","Borrel, Letty","Borrel.Letty@Oozz.com"
"281",2,"Latchford, Keven","Latchford, Worthington","Latchford.Worthington@Jayo.com"
"282",4,"Hammill, Rona","Hammill, Budd","Hammill.Budd@Photobug.com"
"283",2,"Sirett, Evita","Sirett, Wynne","Sirett.Wynne@Skilith.com"
"284",1,"Sarle, Lorry","Sarle, Halsy","Sarle.Halsy@Aimbo.com"
"285",2,"Fannon, Kate","Fannon, Beitris","Fannon.Beitris@Twimm.com"
"286",1,"Vale, Paulina","Vale, Corrianne","Vale.Corrianne@Edgewire.com"
"287",2,"Kelleway, Earl","Kelleway, Valery","Kelleway.Valery@Dabfeed.com"
"288",2,"Daburn, Culver","Daburn, Robinett","Daburn.Robinett@Plajo.com"
"289",1,"Worcester, Antonie","Worcester, Evvie","Worcester.Evvie@Flashset.com"
"290",4,"Cullrford, Magda","Cullrford, Ethan","Cullrford.Ethan@Agimba.com"
"291",4,"Diack, Jeremiah","Diack, Martino","Diack.Martino@Twinte.com"
"292",4,"Dibdin, Lynett","Dibdin, Dael","Dibdin.Dael@Brightbean.com"
"293",4,"Neenan, Trace","Neenan, Packston","Neenan.Packston@Oba.com"
"294",1,"Gowans, Miran","Gowans, Kimberli","Gowans.Kimberli@Jabbersphere.com"
"295",1,"Orrey, Orsa","Orrey, Harv","Orrey.Harv@Yamia.com"
"296",2,"Bermingham, Gillie","Bermingham, Ellery","Bermingham.Ellery@Tagtune.com"
"297",3,"Madgwick, Mikaela","Madgwick, Nichol","Madgwick.Nichol@Devcast.com"
"298",3,"Greenin, Maximo","Greenin, Wallas","Greenin.Wallas@Voomm.com"
"299",3,"Fellis, Daron","Fellis, Imojean","Fellis.Imojean@Gabvine.com"
"300",2,"Haselwood, Dorothea","Haselwood, Lilah","Haselwood.Lilah@Topiczoom.com"
"301",2,"Howgego, Pernell","Howgego, Birch","Howgego.Birch@Feedfish.com"
"302",3,"Bebbell, Jaimie","Bebbell, Elvyn","Bebbell.Elvyn@Jaloo.com"
"303",3,"Dohms, Rici","Dohms, Clark","Dohms.Clark@Browseblab.com"
"304",4,"Braffington, Oralla","Braffington, Sherry","Braffington.Sherry@Ntags.com"
"305",1,"Whiteley, Elisa","Whiteley, Willy","Whiteley.Willy@Kazio.com"
"306",1,"Kynson, Emalia","Kynson, Kip","Kynson.Kip@Agimba.com"
"307",4,"Standbrook, Kakalina","Standbrook, Wright","Standbrook.Wright@Yabox.com"
"308",2,"Dionis, Billy","Dionis, Brier","Dionis.Brier@Youspan.com"
"309",2,"Fishbourn, Kit","Fishbourn, Sydney","Fishbourn.Sydney@Gabtune.com"
"310",2,"Romain, Sayer","Romain, Archibold","Romain.Archibold@Jaxworks.com"
"311",4,"Dymott, Welby","Dymott, Maryjane","Dymott.Maryjane@Linktype.com"
"312",3,"Brozsset, Darci","Brozsset, Shay","Brozsset.Shay@Jayo.com"
"313",4,"Pierro, Emelyne","Pierro, Webb","Pierro.Webb@Flashdog.com"
"314",2,"Ninotti, Afton","Ninotti, Dulcie","Ninotti.Dulcie@Zooxo.com"
"315",1,"Duinbleton, Sofie","Duinbleton, Georgia","Duinbleton.Georgia@Zoomlounge.com"
"316",3,"Brittles, Franciskus","Brittles, Fulvia","Brittles.Fulvia@Yakitri.com"
"317",2,"Glandon, Darline","Glandon, Jany","Glandon.Jany@Topicblab.com"
"318",4,"Beringer, Adara","Beringer, Quint","Beringer.Quint@Eazzy.com"
"319",1,"Kennard, Maddie","Kennard, Roch","Kennard.Roch@Tagchat.com"
"320",1,"Rangall, Bobbe","Rangall, Thatcher","Rangall.Thatcher@Trunyx.com"
"321",3,"Darnborough, Osgood","Darnborough, Fiann","Darnborough.Fiann@Flipopia.com"
"322",4,"Shackle, Cory","Shackle, Camile","Shackle.Camile@Thoughtblab.com"
"323",4,"Bulluck, Denna","Bulluck, Brittney","Bulluck.Brittney@Photobean.com"
"324",3,"Slora, Jocelin","Slora, Sigismundo","Slora.Sigismundo@Yodel.com"
"325",3,"Cockman, Woodman","Cockman, Ninon","Cockman.Ninon@Twitterworks.com"
"326",4,"Jime, Wain","Jime, Cherida","Jime.Cherida@InnoZ.com"
"327",1,"Bradmore, Twila","Bradmore, Shandie","Bradmore.Shandie@Meeveo.com"
"328",3,"Lemery, Marcus","Lemery, Jami","Lemery.Jami@Skidoo.com"
"329",1,"Whayman, Alia","Whayman, Darius","Whayman.Darius@Realbridge.com"
"330",1,"Shipcott, Maximilien","Shipcott, Marillin","Shipcott.Marillin@JumpXS.com"
"331",1,"Exroll, Robina","Exroll, Jordain","Exroll.Jordain@Tagchat.com"
"332",4,"De Ferraris, Walt","De Ferraris, Abel","De Ferraris.Abel@Zoombeat.com"
"333",1,"Stiff, Alf","Stiff, Eimile","Stiff.Eimile@Mita.com"
"334",4,"Yateman, Vernon","Yateman, Rollin","Yateman.Rollin@Zoombox.com"
"335",1,"Kearton, Von","Kearton, Berget","Kearton.Berget@Devpoint.com"
"336",2,"Hunnam, Dacie","Hunnam, Jose","Hunnam.Jose@Rhynyx.com"
"337",4,"Lepere, Silvie","Lepere, Skipper","Lepere.Skipper@Brainsphere.com"
"338",1,"Trudgion, Thorpe","Trudgion, Tedman","Trudgion.Tedman@Oyope.com"
"339",2,"Hyrons, Lucais","Hyrons, Miltie","Hyrons.Miltie@Gabtune.com"
"340",3,"Hoyer, Matthieu","Hoyer, Stefan","Hoyer.Stefan@Zoomcast.com"
"341",2,"Djorvic, Reine","Djorvic, Iolanthe","Djorvic.Iolanthe@Leenti.com"
"342",3,"Farquhar, Saree","Farquhar, Far","Farquhar.Far@Muxo.com"
"343",2,"Tawse, Sallyann","Tawse, Kimberli","Tawse.Kimberli@Buzzshare.com"
"344",3,"Stonham, Victor","Stonham, Hewett","Stonham.Hewett@Buzzshare.com"
"345",1,"Thumnel, Corella","Thumnel, Ole","Thumnel.Ole@Katz.com"
"346",1,"Philipard, Andy","Philipard, Hershel","Philipard.Hershel@Muxo.com"
"347",2,"Bande, Idette","Bande, Camilla","Bande.Camilla@Kaymbo.com"
"348",1,"Wheldon, Allyn","Wheldon, Ibbie","Wheldon.Ibbie@Pixope.com"
"349",3,"Rontree, Leslie","Rontree, Ransom","Rontree.Ransom@Edgepulse.com"
"350",3,"Bortolomei, Bibbie","Bortolomei, Ward","Bortolomei.Ward@Gabspot.com"
"351",3,"Cleave, Bartolemo","Cleave, Maxwell","Cleave.Maxwell@Dabjam.com"
"352",4,"Leirmonth, Korry","Leirmonth, Corry","Leirmonth.Corry@Skimia.com"
"353",4,"Bonicelli, Aridatha","Bonicelli, Sydelle","Bonicelli.Sydelle@Flashset.com"
"354",2,"Grinley, Twila","Grinley, Tiphany","Grinley.Tiphany@Mycat.com"
"355",4,"Pennyman, Lettie","Pennyman, Fairlie","Pennyman.Fairlie@Lazzy.com"
"356",2,"MacIlhargy, Blake","MacIlhargy, Conn","MacIlhargy.Conn@Chatterpoint.com"
"357",3,"McCloy, Daniele","McCloy, Teri","McCloy.Teri@Babbleset.com"
"358",4,"Weinmann, Felizio","Weinmann, Catlaina","Weinmann.Catlaina@Eadel.com"
"359",2,"Tettley, Ilsa","Tettley, Ginger","Tettley.Ginger@Skidoo.com"
"360",4,"Meriton, Ardyce","Meriton, Benni","Meriton.Benni@Jetwire.com"
"361",1,"Scard, Shandee","Scard, Josephina","Scard.Josephina@Devcast.com"
"362",1,"Hegden, Cristionna","Hegden, Padraic","Hegden.Padraic@Ainyx.com"
"363",1,"Dumsday, Mignonne","Dumsday, Mathilde","Dumsday.Mathilde@Eamia.com"
"364",1,"Behneke, Raynell","Behneke, Molli","Behneke.Molli@Photojam.com"
"365",3,"Gawthorpe, Adina","Gawthorpe, Curtis","Gawthorpe.Curtis@Minyx.com"
"366",2,"De Andreis, Sheff","De Andreis, Fidole","De Andreis.Fidole@Skinder.com"
"367",4,"Canepe, Mab","Canepe, Tracy","Canepe.Tracy@Dynava.com"
"368",3,"Petrillo, Dynah","Petrillo, Eustacia","Petrillo.Eustacia@Yozio.com"
"369",4,"Crumpe, Leroi","Crumpe, Letitia","Crumpe.Letitia@Mudo.com"
"370",2,"Gierardi, Lynnett","Gierardi, Britt","Gierardi.Britt@Skinder.com"
"371",4,"Scoggans, Winny","Scoggans, Kass","Scoggans.Kass@Tambee.com"
"372",4,"Palluschek, Shirlene","Palluschek, Alair","Palluschek.Alair@Zazio.com"
"373",4,"Symington, Zarah","Symington, Kelby","Symington.Kelby@Voomm.com"
"374",1,"Westoff, Bernete","Westoff, Julianna","Westoff.Julianna@Eidel.com"
"375",2,"Daniell, Marlowe","Daniell, Thelma","Daniell.Thelma@Youopia.com"
"376",1,"Stanett, Berkly","Stanett, Micaela","Stanett.Micaela@Photofeed.com"
"377",2,"Peat, Dominga","Peat, Nancy","Peat.Nancy@Chatterbridge.com"
"378",4,"Vaudre, Karlotte","Vaudre, Erinna","Vaudre.Erinna@Realcube.com"
"379",3,"Ashbridge, Carmelina","Ashbridge, Norrie","Ashbridge.Norrie@Photobug.com"
"380",1,"Barmby, Ricardo","Barmby, Sascha","Barmby.Sascha@Buzzster.com"
"381",4,"Lindsell, Alyson","Lindsell, Marmaduke","Lindsell.Marmaduke@Meezzy.com"
"382",4,"McPherson, Valentine","McPherson, Elie","McPherson.Elie@Mydo.com"
"383",2,"Bliven, Analiese","Bliven, Marc","Bliven.Marc@Tagpad.com"
"384",3,"Matczak, Nathanial","Matczak, Annabela","Matczak.Annabela@Ailane.com"
"385",3,"Alyukin, Lanny","Alyukin, Georgena","Alyukin.Georgena@Vimbo.com"
"386",1,"Barnaby, Emmott","Barnaby, Donetta","Barnaby.Donetta@Zoomlounge.com"
"387",2,"Skarman, Trudey","Skarman, Joyan","Skarman.Joyan@Trilia.com"
"388",2,"Skillicorn, Daloris","Skillicorn, Frederico","Skillicorn.Frederico@Demivee.com"
"389",3,"Eagland, Ranna","Eagland, Brigida","Eagland.Brigida@Oyonder.com"
"390",1,"McGairl, Amitie","McGairl, Corey","McGairl.Corey@Demimbu.com"
"391",3,"Dickon, Karissa","Dickon, Halsey","Dickon.Halsey@Shuffletag.com"
"392",3,"Hexum, Laural","Hexum, Kenna","Hexum.Kenna@Jazzy.com"
"393",1,"Franckton, Quinlan","Franckton, Burl","Franckton.Burl@Quimm.com"
"394",3,"Semerad, Anissa","Semerad, Marguerite","Semerad.Marguerite@Browsecat.com"
"395",4,"Ashlee, Aland","Ashlee, Gus","Ashlee.Gus@Voolith.com"
"396",3,"Asch, Chickie","Asch, Flo","Asch.Flo@Mita.com"
"397",4,"Haberjam, Linda","Haberjam, Killie","Haberjam.Killie@Thoughtworks.com"
"398",3,"Falco, Ad","Falco, Meryl","Falco.Meryl@Leexo.com"
"399",3,"Reihill, Care","Reihill, Maddy","Reihill.Maddy@Kanoodle.com"
"400",4,"Bayston, Odelia","Bayston, Giustino","Bayston.Giustino@Lajo.com"
"401",3,"Nekrews, Tedi","Nekrews, Galvin","Nekrews.Galvin@Edgeify.com"
"402",4,"Rowan, Adore","Rowan, Lorilee","Rowan.Lorilee@Blogtag.com"
"403",2,"Blencowe, Thorn","Blencowe, Gilemette","Blencowe.Gilemette@Kayveo.com"
"404",1,"Duetsche, Prudy","Duetsche, Johnathon","Duetsche.Johnathon@Thoughtsphere.com"
"405",1,"Shearmer, Ariana","Shearmer, Irma","Shearmer.Irma@Roodel.com"
"406",4,"Gash, Karoline","Gash, Bram","Gash.Bram@Bubblebox.com"
"407",3,"Sings, Liam","Sings, Wallis","Sings.Wallis@Innotype.com"
"408",3,"Huckleby, Denise","Huckleby, Emmi","Huckleby.Emmi@Skiba.com"
"409",2,"Welband, Truda","Welband, Marlane","Welband.Marlane@Roomm.com"
"410",4,"Dragonette, Kelcey","Dragonette, Estrella","Dragonette.Estrella@Bubblebox.com"
"411",4,"Hachard, Bridgette","Hachard, Mic","Hachard.Mic@Vitz.com"
"412",3,"Brobeck, Joy","Brobeck, Jessa","Brobeck.Jessa@Twinte.com"
"413",3,"Yuille, Kimbra","Yuille, Shurlocke","Yuille.Shurlocke@Brightbean.com"
"414",2,"Dunckley, Harold","Dunckley, Bartel","Dunckley.Bartel@Tagopia.com"
"415",4,"Edgar, Tabbie","Edgar, Amye","Edgar.Amye@Dabtype.com"
"416",4,"Capinetti, Nataniel","Capinetti, Stanleigh","Capinetti.Stanleigh@Feedfire.com"
"417",4,"Lindro, Aldus","Lindro, Brita","Lindro.Brita@Babbleopia.com"
"418",2,"Bottle, Shaylah","Bottle, Kesley","Bottle.Kesley@Youspan.com"
"419",2,"Maxweell, Pammie","Maxweell, Analiese","Maxweell.Analiese@Browsedrive.com"
"420",4,"Ebourne, Ericka","Ebourne, Cindee","Ebourne.Cindee@Yadel.com"
"421",3,"Macci, Trstram","Macci, Ginnifer","Macci.Ginnifer@Photospace.com"
"422",4,"Jonk, Malory","Jonk, Irina","Jonk.Irina@Dabtype.com"
"423",4,"Reubens, Jammal","Reubens, Wesley","Reubens.Wesley@Gabtype.com"
"424",4,"Wither, Ramsay","Wither, Terri","Wither.Terri@Geba.com"
"425",3,"Dies, Yoshiko","Dies, Nat","Dies.Nat@Flashset.com"
"426",4,"Rawes, Nicky","Rawes, Sibylla","Rawes.Sibylla@Jatri.com"
"427",4,"Upson, Bourke","Upson, Nathanael","Upson.Nathanael@Skyba.com"
"428",3,"Barkaway, Bernetta","Barkaway, Karlotta","Barkaway.Karlotta@Vitz.com"
"429",2,"Marthen, Cynthie","Marthen, Daniella","Marthen.Daniella@Aimbo.com"
"430",3,"Meakin, Patricio","Meakin, Eloise","Meakin.Eloise@Oozz.com"
"431",4,"World, Ivonne","World, Kit","World.Kit@Skiba.com"
"432",4,"McJury, Joey","McJury, Sibeal","McJury.Sibeal@Skyble.com"
"433",2,"Alabone, Tammie","Alabone, Alasdair","Alabone.Alasdair@Trunyx.com"
"434",3,"Laba, Emmie","Laba, Carita","Laba.Carita@Skidoo.com"
"435",3,"Upwood, Blinny","Upwood, Lonee","Upwood.Lonee@Eidel.com"
"436",4,"Budd, Carmine","Budd, Milton","Budd.Milton@Wikizz.com"
"437",1,"Capron, Walker","Capron, Elysha","Capron.Elysha@Devpulse.com"
"438",2,"Tomaszewicz, Hollyanne","Tomaszewicz, Enrica","Tomaszewicz.Enrica@Kazu.com"
"439",3,"Kordova, Johna","Kordova, Alleen","Kordova.Alleen@Voomm.com"
"440",3,"Craze, Brit","Craze, Maria","Craze.Maria@Jayo.com"
"441",3,"Swaysland, Babs","Swaysland, Stesha","Swaysland.Stesha@Oyoyo.com"
"442",1,"Proppers, Ronica","Proppers, Drugi","Proppers.Drugi@Centimia.com"
"443",3,"Corsor, Sasha","Corsor, Jasmin","Corsor.Jasmin@Dabtype.com"
"444",1,"Husset, Grethel","Husset, Laural","Husset.Laural@Fanoodle.com"
"445",1,"Ucceli, Lotta","Ucceli, Reeba","Ucceli.Reeba@Oyoyo.com"
"446",3,"Bonehill, Gerrie","Bonehill, Leandra","Bonehill.Leandra@Twitterlist.com"
"447",1,"Ezzle, Buckie","Ezzle, Borden","Ezzle.Borden@Kanoodle.com"
"448",4,"Columbine, Kizzie","Columbine, Eleanor","Columbine.Eleanor@Realblab.com"
"449",3,"Cobbing, Bobbie","Cobbing, Sofia","Cobbing.Sofia@Mycat.com"
"450",2,"Traite, Dasha","Traite, Nicola","Traite.Nicola@Linktype.com"
"451",1,"Dressell, Janetta","Dressell, Sheelagh","Dressell.Sheelagh@Blogpad.com"
"452",4,"Barnfield, Randall","Barnfield, Alysia","Barnfield.Alysia@Agimba.com"
"453",3,"Mullin, Vonni","Mullin, Malva","Mullin.Malva@Browsebug.com"
"454",4,"Watting, Reg","Watting, Cathyleen","Watting.Cathyleen@Mycat.com"
"455",4,"Monks, Stanley","Monks, Whit","Monks.Whit@Skyvu.com"
"456",3,"Oolahan, Cori","Oolahan, Ruy","Oolahan.Ruy@Twitterlist.com"
"457",1,"Cater, Killian","Cater, Daven","Cater.Daven@Dabjam.com"
"458",4,"Grundy, Angil","Grundy, Fernandina","Grundy.Fernandina@Bubblemix.com"
"459",3,"Coltan, Winston","Coltan, Malvina","Coltan.Malvina@Jabberstorm.com"
"460",2,"Killshaw, Elianora","Killshaw, Celia","Killshaw.Celia@Oloo.com"
"461",4,"Yakutin, Elsa","Yakutin, Joelle","Yakutin.Joelle@Jatri.com"
"462",4,"Maine, Melodie","Maine, Elisha","Maine.Elisha@Agimba.com"
"463",3,"Hollyman, Gena","Hollyman, Pauly","Hollyman.Pauly@Kimia.com"
"464",1,"Beetles, Vallie","Beetles, Mauricio","Beetles.Mauricio@Bluejam.com"
"465",1,"Lindenman, Jada","Lindenman, Barrett","Lindenman.Barrett@Cogidoo.com"
"466",2,"Augur, Consolata","Augur, Rozalin","Augur.Rozalin@Buzzshare.com"
"467",3,"Farnish, Gail","Farnish, Kellina","Farnish.Kellina@Zooveo.com"
"468",3,"Chard, Jdavie","Chard, Tamra","Chard.Tamra@Trunyx.com"
"469",2,"Drakeley, Hartwell","Drakeley, Weston","Drakeley.Weston@Wikivu.com"
"470",3,"Lowther, Tanitansy","Lowther, Dolf","Lowther.Dolf@Jabbercube.com"
"471",4,"Himsworth, Cherie","Himsworth, Christophorus","Himsworth.Christophorus@Skajo.com"
"472",1,"Weadick, Pail","Weadick, Lyle","Weadick.Lyle@Zooveo.com"
"473",4,"Bridgen, Ivy","Bridgen, Moina","Bridgen.Moina@Photojam.com"
"474",1,"Lowdiane, Porty","Lowdiane, Freddi","Lowdiane.Freddi@Yotz.com"
"475",2,"Shawel, Emylee","Shawel, Federica","Shawel.Federica@Leenti.com"
"476",2,"MacKellen, Hayward","MacKellen, Reta","MacKellen.Reta@Oyoyo.com"
"477",3,"Mabee, Charita","Mabee, Ase","Mabee.Ase@Fivebridge.com"
"478",4,"Huyghe, Lelah","Huyghe, Evin","Huyghe.Evin@Vinte.com"
"479",3,"Balsdon, Audre","Balsdon, Tore","Balsdon.Tore@Quimm.com"
"480",3,"Carillo, Melesa","Carillo, Ferdy","Carillo.Ferdy@Thoughtblab.com"
"481",4,"Nertney, Penny","Nertney, Daveen","Nertney.Daveen@Jayo.com"
"482",1,"Soppett, Devan","Soppett, Curran","Soppett.Curran@Avavee.com"
"483",3,"Plume, Philippe","Plume, Theresa","Plume.Theresa@Photojam.com"
"484",2,"Zamboniari, Hunt","Zamboniari, Gradeigh","Zamboniari.Gradeigh@Thoughtstorm.com"
"485",2,"O'Lunny, Ralina","O'Lunny, Nady","O'Lunny.Nady@Camimbo.com"
"486",4,"Doig, Marianne","Doig, Theresina","Doig.Theresina@Cogibox.com"
"487",4,"Loveredge, Hildegaard","Loveredge, Marysa","Loveredge.Marysa@Jaxbean.com"
"488",4,"Ingray, Renee","Ingray, Chicky","Ingray.Chicky@Rhycero.com"
"489",1,"Baddiley, Stevana","Baddiley, Riane","Baddiley.Riane@Meevee.com"
"490",4,"Punshon, Rafaelita","Punshon, Bernard","Punshon.Bernard@Browseblab.com"
"491",4,"Harnetty, Dacie","Harnetty, Melisenda","Harnetty.Melisenda@Edgeify.com"
"492",1,"Linch, Davidde","Linch, Michal","Linch.Michal@Oyoloo.com"
"493",2,"Parham, Helsa","Parham, Wit","Parham.Wit@Tambee.com"
"494",3,"Pickervance, Gustave","Pickervance, Cordey","Pickervance.Cordey@Realbridge.com"
"495",4,"Quilleash, Stearn","Quilleash, Winnie","Quilleash.Winnie@Meevee.com"
"496",3,"Pakes, Bernhard","Pakes, Eula","Pakes.Eula@Thoughtstorm.com"
"497",4,"Nudde, Zebadiah","Nudde, Linnet","Nudde.Linnet@Tagchat.com"
"498",2,"Bickell, Edgardo","Bickell, Sapphire","Bickell.Sapphire@Oozz.com"
"499",4,"Biddiss, Alane","Biddiss, Isadora","Biddiss.Isadora@Dynabox.com"
"500",1,"Hinckesman, Marylynne","Hinckesman, Agosto","Hinckesman.Agosto@Shuffledrive.com"
"501",3,"Hann, Leslie","Hann, Quinn","Hann.Quinn@Meembee.com"
"502",4,"Degue, Johna","Degue, Ellis","Degue.Ellis@Oodoo.com"
"503",2,"Paladino, Leupold","Paladino, Kristi","Paladino.Kristi@Skaboo.com"
"504",4,"Purrier, Adham","Purrier, Ody","Purrier.Ody@Wordware.com"
"505",3,"Trippitt, Adlai","Trippitt, Lynde","Trippitt.Lynde@Brightdog.com"
"506",2,"Paolazzi, Anthony","Paolazzi, Nathanael","Paolazzi.Nathanael@Brainverse.com"
"507",1,"Daysh, Muhammad","Daysh, Son","Daysh.Son@Oyoba.com"
"508",1,"Dudson, Reyna","Dudson, Matthew","Dudson.Matthew@Jetwire.com"
"509",2,"Elsay, Olivia","Elsay, Lazare","Elsay.Lazare@Twitterbeat.com"
"510",3,"Greensitt, Rica","Greensitt, Marillin","Greensitt.Marillin@Gigazoom.com"
"511",3,"Wattam, Puff","Wattam, Bili","Wattam.Bili@Quinu.com"
"512",2,"Biasetti, Claudina","Biasetti, Kimberly","Biasetti.Kimberly@Twitterbeat.com"
"513",1,"Sibary, Terrance","Sibary, Son","Sibary.Son@Shuffledrive.com"
"514",1,"Skey, Celinka","Skey, Bobby","Skey.Bobby@Thoughtblab.com"
"515",1,"Bartlett, Dew","Bartlett, El","Bartlett.El@Fanoodle.com"
"516",1,"Dallison, Gaye","Dallison, Karlyn","Dallison.Karlyn@Cogidoo.com"
"517",3,"Lillow, Terry","Lillow, Jonis","Lillow.Jonis@Oloo.com"
"518",1,"Vice, Shel","Vice, Con","Vice.Con@Podcat.com"
"519",4,"Greet, Drucy","Greet, Richy","Greet.Richy@Zoomlounge.com"
"520",3,"Sessuns, Ingelbert","Sessuns, Luca","Sessuns.Luca@Trilith.com"
"521",3,"Lillee, Zak","Lillee, Dominga","Lillee.Dominga@Browsezoom.com"
"522",1,"Davidow, Mirilla","Davidow, Woodrow","Davidow.Woodrow@Eayo.com"
"523",4,"Crauford, Buiron","Crauford, Chryste","Crauford.Chryste@Voolith.com"
"524",1,"Oke, Gizela","Oke, Jarred","Oke.Jarred@Quinu.com"
"525",1,"Glowacz, Candace","Glowacz, Rubin","Glowacz.Rubin@Meevee.com"
"526",2,"Center, Rockey","Center, Clayborne","Center.Clayborne@Yoveo.com"
"527",4,"Bessey, Lannie","Bessey, Gwenny","Bessey.Gwenny@Browsecat.com"
"528",3,"Edling, Blanche","Edling, Dore","Edling.Dore@Yozio.com"
"529",1,"Crimpe, Yevette","Crimpe, Sophronia","Crimpe.Sophronia@Dazzlesphere.com"
"530",4,"Brody, Kimmy","Brody, Nikolaus","Brody.Nikolaus@Meembee.com"
"531",2,"Gosby, Burnaby","Gosby, Burt","Gosby.Burt@Wikizz.com"
"532",3,"Swainston, Bearnard","Swainston, Bellanca","Swainston.Bellanca@Photolist.com"
"533",2,"Torrans, Chrissie","Torrans, Gearard","Torrans.Gearard@Youspan.com"
"534",1,"Bailey, Marc","Bailey, Rosanna","Bailey.Rosanna@Voomm.com"
"535",1,"Pudner, Merl","Pudner, Janelle","Pudner.Janelle@Tambee.com"
"536",3,"Noddings, Ivar","Noddings, Shirl","Noddings.Shirl@Oyoba.com"
"537",4,"Dewicke, Maryjo","Dewicke, Henrieta","Dewicke.Henrieta@Youspan.com"
"538",4,"Lambrecht, Kippar","Lambrecht, Catlee","Lambrecht.Catlee@Latz.com"
"539",1,"Selwyne, Donielle","Selwyne, Benjie","Selwyne.Benjie@Livepath.com"
"540",2,"Escreet, Kerstin","Escreet, Ailyn","Escreet.Ailyn@Innotype.com"
"541",1,"Woolnough, Theresina","Woolnough, Darrelle","Woolnough.Darrelle@Bluejam.com"
"542",1,"Antuk, Marie","Antuk, Arlyn","Antuk.Arlyn@Zoomlounge.com"
"543",4,"Borrows, Dolorita","Borrows, Gannon","Borrows.Gannon@Blogtags.com"
"544",1,"Seivertsen, Cass","Seivertsen, Margery","Seivertsen.Margery@Livefish.com"
"545",4,"Goncalo, Trumaine","Goncalo, Merill","Goncalo.Merill@Dazzlesphere.com"
"546",1,"Mersh, Frank","Mersh, Adrianna","Mersh.Adrianna@Jetpulse.com"
"547",4,"Treend, Magdalene","Treend, Christal","Treend.Christal@Rhybox.com"
"548",1,"Arnaez, Blanca","Arnaez, Timoteo","Arnaez.Timoteo@Meemm.com"
"549",4,"Saben, Shirline","Saben, Vivianne","Saben.Vivianne@Twimm.com"
"550",2,"Fernie, Grace","Fernie, Darla","Fernie.Darla@Topiczoom.com"
"551",3,"Ryam, Theda","Ryam, Dalila","Ryam.Dalila@Lazzy.com"
"552",1,"Sebyer, Ginny","Sebyer, Kimmy","Sebyer.Kimmy@Zooveo.com"
"553",1,"Worsall, Jesse","Worsall, Blair","Worsall.Blair@Edgeclub.com"
"554",3,"Ferrarotti, Sammy","Ferrarotti, Mose","Ferrarotti.Mose@Voolia.com"
"555",3,"Ianittello, Alta","Ianittello, Lavinia","Ianittello.Lavinia@DabZ.com"
"556",3,"Sleit, Joye","Sleit, Athena","Sleit.Athena@Camimbo.com"
"557",1,"Cullity, Hanny","Cullity, Kristopher","Cullity.Kristopher@Yata.com"
"558",4,"Brandi, Fair","Brandi, Luise","Brandi.Luise@Avamm.com"
"559",1,"Crowest, Derry","Crowest, Shae","Crowest.Shae@Flashdog.com"
"560",3,"Tukesby, Sasha","Tukesby, Adria","Tukesby.Adria@Yotz.com"
"561",4,"De Blasio, Jeffry","De Blasio, Ulla","De Blasio.Ulla@Youspan.com"
"562",3,"Blurton, Mildrid","Blurton, Bartolemo","Blurton.Bartolemo@Zoomlounge.com"
"563",3,"Staker, Benedetto","Staker, Codee","Staker.Codee@Fliptune.com"
"564",1,"Cranch, Yalonda","Cranch, Mandie","Cranch.Mandie@Eidel.com"
"565",1,"Dorrity, Andeee","Dorrity, Maryrose","Dorrity.Maryrose@Avamm.com"
"566",3,"Cosslett, Aron","Cosslett, Benn","Cosslett.Benn@Fliptune.com"
"567",4,"Ivanchikov, Agretha","Ivanchikov, Coralie","Ivanchikov.Coralie@Thoughtstorm.com"
"568",2,"Tondeur, Desirae","Tondeur, Odille","Tondeur.Odille@Wordtune.com"
"569",2,"Moorton, De witt","Moorton, Dewie","Moorton.Dewie@Riffpath.com"
"570",3,"Ehlerding, Etti","Ehlerding, Friedrich","Ehlerding.Friedrich@Yata.com"
"571",1,"Rhead, Stavros","Rhead, Mano","Rhead.Mano@Abatz.com"
"572",1,"Took, Ansley","Took, Eloise","Took.Eloise@Flipbug.com"
"573",2,"Janjic, Langston","Janjic, Finley","Janjic.Finley@Thoughtworks.com"
"574",4,"Jinkins, Yasmin","Jinkins, Ernie","Jinkins.Ernie@Photofeed.com"
"575",4,"Lassells, Corry","Lassells, Algernon","Lassells.Algernon@Shufflester.com"
"576",4,"Shieldon, Kareem","Shieldon, Cristabel","Shieldon.Cristabel@Browsecat.com"
"577",2,"Troyes, Blair","Troyes, Farrell","Troyes.Farrell@Eayo.com"
"578",2,"Briscam, Ivy","Briscam, Clemmy","Briscam.Clemmy@Oyondu.com"
"579",3,"Keyte, Billie","Keyte, Mason","Keyte.Mason@Mycat.com"
"580",4,"Lissimore, Rhodie","Lissimore, Der","Lissimore.Der@Eidel.com"
"581",3,"Clausen-Thue, Jeannie","Clausen-Thue, Marjorie","Clausen-Thue.Marjorie@Innotype.com"
"582",2,"Stivey, Lonnard","Stivey, Obie","Stivey.Obie@Trupe.com"
"583",3,"Batcock, Jany","Batcock, Teddy","Batcock.Teddy@Zoomdog.com"
"584",3,"Aslett, Demetris","Aslett, Terrie","Aslett.Terrie@Yakitri.com"
"585",3,"Elcombe, Tammy","Elcombe, Michelina","Elcombe.Michelina@Tagtune.com"
"586",3,"O'Gaven, Eddy","O'Gaven, Tobiah","O'Gaven.Tobiah@Bubblemix.com"
"587",2,"Martine, Stacee","Martine, Loren","Martine.Loren@Rhybox.com"
"588",3,"Aughtie, Vivyanne","Aughtie, Husein","Aughtie.Husein@Photolist.com"
"589",3,"Tollfree, Flinn","Tollfree, Nora","Tollfree.Nora@Twinder.com"
"590",4,"Verna, Indira","Verna, Moshe","Verna.Moshe@Skimia.com"
"591",3,"Hannam, Maximilianus","Hannam, Matthaeus","Hannam.Matthaeus@Einti.com"
"592",2,"Pioch, Galvan","Pioch, Sissy","Pioch.Sissy@Kwilith.com"
"593",1,"Sentance, Margi","Sentance, Fancy","Sentance.Fancy@Devbug.com"
"594",2,"Thornebarrow, Ches","Thornebarrow, Moritz","Thornebarrow.Moritz@Oodoo.com"
"595",1,"Myott, Evelin","Myott, Henry","Myott.Henry@Brainverse.com"
"596",1,"Piegrome, Emmalyn","Piegrome, Tony","Piegrome.Tony@Ntag.com"
"597",3,"Wallman, Lindy","Wallman, Jourdain","Wallman.Jourdain@Ooba.com"
"598",4,"Feavers, Kori","Feavers, Aida","Feavers.Aida@Devpoint.com"
"599",2,"Dowdell, Gussy","Dowdell, Danella","Dowdell.Danella@Gabspot.com"
"600",1,"Tutsell, Merci","Tutsell, Whit","Tutsell.Whit@Kamba.com"
"601",4,"Sherer, Kameko","Sherer, Owen","Sherer.Owen@Livetube.com"
"602",4,"Barwis, Amye","Barwis, Drucill","Barwis.Drucill@Fivespan.com"
"603",1,"McRamsey, Louisa","McRamsey, Ingamar","McRamsey.Ingamar@Agivu.com"
"604",1,"Peggram, Aveline","Peggram, Jordan","Peggram.Jordan@Twitterwire.com"
"605",2,"MacDonagh, Valerie","MacDonagh, Blanche","MacDonagh.Blanche@Camido.com"
"606",4,"Paolicchi, Ileana","Paolicchi, Regan","Paolicchi.Regan@Kamba.com"
"607",2,"McDonnell, Warden","McDonnell, Rooney","McDonnell.Rooney@Topicblab.com"
"608",4,"Hargrove, Cristi","Hargrove, Johannah","Hargrove.Johannah@Mymm.com"
"609",4,"Fullwood, Warde","Fullwood, Tabina","Fullwood.Tabina@Photobean.com"
"610",3,"Parman, Tristan","Parman, Emylee","Parman.Emylee@Dabjam.com"
"611",4,"Turfin, Patience","Turfin, Deeyn","Turfin.Deeyn@Meetz.com"
"612",2,"Bradburn, Melva","Bradburn, Eva","Bradburn.Eva@Browsezoom.com"
"613",1,"Kingaby, Robinett","Kingaby, Emmy","Kingaby.Emmy@Browseblab.com"
"614",4,"Portch, Jennee","Portch, Karie","Portch.Karie@Jabbersphere.com"
"615",1,"Murrison, Tomi","Murrison, Roderich","Murrison.Roderich@Twitterbeat.com"
"616",4,"Phillps, Freddi","Phillps, Deedee","Phillps.Deedee@Eidel.com"
"617",1,"Rawne, Hagan","Rawne, Sheri","Rawne.Sheri@Skimia.com"
"618",4,"Peart, Frieda","Peart, Ingeborg","Peart.Ingeborg@Kwimbee.com"
"619",2,"Crean, Lucien","Crean, Yance","Crean.Yance@Chatterbridge.com"
"620",3,"Vezey, Gilemette","Vezey, Fannie","Vezey.Fannie@JumpXS.com"
"621",3,"Amburgy, Janith","Amburgy, Miriam","Amburgy.Miriam@Agivu.com"
"622",1,"Oleksinski, Cross","Oleksinski, Cirstoforo","Oleksinski.Cirstoforo@Skyble.com"
"623",4,"Davage, Krystle","Davage, Myrtia","Davage.Myrtia@Thoughtstorm.com"
"624",2,"Oulet, Doria","Oulet, Aland","Oulet.Aland@Yata.com"
"625",1,"Cleave, Normie","Cleave, Owen","Cleave.Owen@Lajo.com"
"626",2,"Tomet, Waly","Tomet, Magdaia","Tomet.Magdaia@Gabtune.com"
"627",4,"Gores, Wadsworth","Gores, Neille","Gores.Neille@Mybuzz.com"
"628",4,"Liebermann, Kyrstin","Liebermann, Phillis","Liebermann.Phillis@Voomm.com"
"629",4,"Baudin, Deni","Baudin, Merci","Baudin.Merci@Skippad.com"
"630",1,"Kubicki, Ceciley","Kubicki, Paolo","Kubicki.Paolo@Topiclounge.com"
"631",3,"Siley, Jordanna","Siley, Kerr","Siley.Kerr@Voolia.com"
"632",3,"Whiteley, Bobbette","Whiteley, Marsh","Whiteley.Marsh@Skyba.com"
"633",3,"Addekin, Peyton","Addekin, Carine","Addekin.Carine@Yoveo.com"
"634",4,"Barajaz, Lief","Barajaz, Craig","Barajaz.Craig@Agivu.com"
"635",3,"Tawn, Esmaria","Tawn, Joya","Tawn.Joya@Kayveo.com"
"636",3,"Guiso, Suzanne","Guiso, Brigg","Guiso.Brigg@Kare.com"
"637",3,"Lavelle, Korella","Lavelle, Nessa","Lavelle.Nessa@Fivebridge.com"
"638",3,"Heminsley, Harold","Heminsley, Mina","Heminsley.Mina@Dabjam.com"
"639",2,"Vaneev, Minnaminnie","Vaneev, Jerry","Vaneev.Jerry@Demivee.com"
"640",2,"Elvy, Amitie","Elvy, Michele","Elvy.Michele@Vinte.com"
"641",2,"Madill, Markus","Madill, Corrina","Madill.Corrina@Flipbug.com"
"642",3,"Phear, Carmon","Phear, Anjanette","Phear.Anjanette@Bubblebox.com"
"643",1,"Eldered, Freddie","Eldered, Carolan","Eldered.Carolan@Meejo.com"
"644",3,"Payton, Vallie","Payton, Zsazsa","Payton.Zsazsa@Tagpad.com"
"645",1,"Shelp, Rafaello","Shelp, Florencia","Shelp.Florencia@Skinder.com"
"646",4,"Dupree, Elana","Dupree, Sher","Dupree.Sher@Podcat.com"
"647",3,"Reder, Davita","Reder, Daphne","Reder.Daphne@Trunyx.com"
"648",4,"Anstie, Zedekiah","Anstie, Morton","Anstie.Morton@Divanoodle.com"
"649",4,"Margaritelli, Cassie","Margaritelli, Hube","Margaritelli.Hube@Zoozzy.com"
"650",1,"Blacklock, Sinclair","Blacklock, Giraldo","Blacklock.Giraldo@Tagopia.com"
"651",3,"Nise, Farrell","Nise, Karel","Nise.Karel@Quaxo.com"
"652",1,"Richings, Georgena","Richings, Jacob","Richings.Jacob@Trudoo.com"
"653",3,"Buie, Kahlil","Buie, Odo","Buie.Odo@Shuffletag.com"
"654",4,"Beckenham, Drusi","Beckenham, Drusi","Beckenham.Drusi@Kimia.com"
"655",4,"Andresen, Bogey","Andresen, Marlo","Andresen.Marlo@Babbleopia.com"
"656",1,"Dreossi, Jobi","Dreossi, Rowland","Dreossi.Rowland@Rooxo.com"
"657",4,"Holston, Isacco","Holston, Gran","Holston.Gran@Rhynoodle.com"
"658",1,"Somerbell, Andris","Somerbell, Madelyn","Somerbell.Madelyn@Oyope.com"
"659",1,"Kelshaw, Casey","Kelshaw, Lacee","Kelshaw.Lacee@Meedoo.com"
"660",4,"Lorryman, Dru","Lorryman, Lucho","Lorryman.Lucho@Avamba.com"
"661",2,"Duigan, Gothart","Duigan, Rhonda","Duigan.Rhonda@Oodoo.com"
"662",2,"Aggas, Jarred","Aggas, Wolfie","Aggas.Wolfie@Buzzshare.com"
"663",3,"Matyja, Emili","Matyja, Zared","Matyja.Zared@Meevee.com"
"664",4,"Jilkes, Sherilyn","Jilkes, Hettie","Jilkes.Hettie@Fiveclub.com"
"665",1,"Scoyne, Jacklin","Scoyne, Florrie","Scoyne.Florrie@Feedspan.com"
"666",3,"Bannell, Kip","Bannell, Phoebe","Bannell.Phoebe@Agivu.com"
"667",1,"Pavitt, Miles","Pavitt, Rudiger","Pavitt.Rudiger@Eidel.com"
"668",2,"Abbot, Hedvig","Abbot, Judas","Abbot.Judas@Edgepulse.com"
"669",1,"Fibbens, Melisa","Fibbens, Chloe","Fibbens.Chloe@Meejo.com"
"670",1,"Ebbrell, Jecho","Ebbrell, Indira","Ebbrell.Indira@Devpulse.com"
"671",2,"Traves, Barris","Traves, Ernesta","Traves.Ernesta@Meejo.com"
"672",4,"Kencott, Norrie","Kencott, Alanna","Kencott.Alanna@Zava.com"
"673",3,"Gummow, Randell","Gummow, Diane-marie","Gummow.Diane-marie@Yombu.com"
"674",1,"Scrivener, Robby","Scrivener, Nealon","Scrivener.Nealon@Avamm.com"
"675",3,"Blanchard, Gonzales","Blanchard, Morty","Blanchard.Morty@Browsezoom.com"
"676",4,"Gath, Marcela","Gath, Liza","Gath.Liza@Devcast.com"
"677",3,"Laytham, Meryl","Laytham, Gordy","Laytham.Gordy@Yodel.com"
"678",1,"Gelderd, Jacinda","Gelderd, Hanan","Gelderd.Hanan@Shufflebeat.com"
"679",1,"Fortie, Ilyssa","Fortie, Ervin","Fortie.Ervin@Jaxbean.com"
"680",3,"Casini, Pascale","Casini, Aurlie","Casini.Aurlie@Riffwire.com"
"681",3,"Maulden, Katlin","Maulden, Bell","Maulden.Bell@Tambee.com"
"682",3,"Caughey, Perkin","Caughey, Elisha","Caughey.Elisha@Mymm.com"
"683",4,"Banton, Leopold","Banton, Mercedes","Banton.Mercedes@Skynoodle.com"
"684",3,"Cumberpatch, Brittaney","Cumberpatch, Melicent","Cumberpatch.Melicent@Quimm.com"
"685",1,"Lidierth, Glynda","Lidierth, Ted","Lidierth.Ted@Skyvu.com"
"686",4,"Gallon, Lukas","Gallon, Pammy","Gallon.Pammy@Youfeed.com"
"687",2,"Bedminster, Massimo","Bedminster, Wynnie","Bedminster.Wynnie@Abatz.com"
"688",4,"Betonia, Franciska","Betonia, Barbaraanne","Betonia.Barbaraanne@Fadeo.com"
"689",4,"Ducastel, Kathrine","Ducastel, Jsandye","Ducastel.Jsandye@Skinte.com"
"690",3,"Mannakee, Jaymee","Mannakee, Sylvan","Mannakee.Sylvan@Centimia.com"
"691",1,"Riccardini, Cam","Riccardini, Josie","Riccardini.Josie@Tagopia.com"
"692",2,"Cossor, Jamima","Cossor, Sonnie","Cossor.Sonnie@Topicware.com"
"693",4,"Braybrook, Red","Braybrook, Roxi","Braybrook.Roxi@Riffpedia.com"
"694",3,"Wahlberg, Agnese","Wahlberg, Olympia","Wahlberg.Olympia@Yakijo.com"
"695",1,"Simmers, Erasmus","Simmers, Orelia","Simmers.Orelia@Agimba.com"
"696",1,"Berni, Amye","Berni, Gearalt","Berni.Gearalt@Realbridge.com"
"697",2,"Perring, Korney","Perring, Orlando","Perring.Orlando@Skyba.com"
"698",1,"Yepiskov, Tiphany","Yepiskov, Kermy","Yepiskov.Kermy@Photospace.com"
"699",3,"Kocher, Jeannette","Kocher, Adara","Kocher.Adara@Realpoint.com"
"700",2,"Tremontana, Brig","Tremontana, Lewiss","Tremontana.Lewiss@Dablist.com"
"701",3,"Birkenshaw, Hiram","Birkenshaw, Erick","Birkenshaw.Erick@Dabjam.com"
"702",4,"Gabbatiss, Louis","Gabbatiss, Sacha","Gabbatiss.Sacha@Dazzlesphere.com"
"703",4,"Gillon, Christoforo","Gillon, Lynnet","Gillon.Lynnet@Topicblab.com"
"704",1,"Daughton, Tatum","Daughton, Leena","Daughton.Leena@Quimba.com"
"705",3,"Wones, Amberly","Wones, Jamal","Wones.Jamal@Linkbridge.com"
"706",3,"Richardeau, Suzanna","Richardeau, Daria","Richardeau.Daria@Realblab.com"
"707",4,"Heed, Jamima","Heed, Verne","Heed.Verne@Blognation.com"
"708",3,"Helks, Sandy","Helks, Thorpe","Helks.Thorpe@Jayo.com"
"709",3,"Dowdell, Gabbi","Dowdell, Holden","Dowdell.Holden@Katz.com"
"710",2,"Trimmell, Faustine","Trimmell, Jacquelin","Trimmell.Jacquelin@Meejo.com"
"711",1,"McBoyle, Keelia","McBoyle, Naomi","McBoyle.Naomi@Twitterwire.com"
"712",3,"Jaffrey, Wanids","Jaffrey, Norma","Jaffrey.Norma@Pixonyx.com"
"713",1,"Donlon, Flint","Donlon, Ynes","Donlon.Ynes@Flashdog.com"
"714",2,"Sprules, Emile","Sprules, Merry","Sprules.Merry@Jayo.com"
"715",1,"Poure, Ferne","Poure, Nikita","Poure.Nikita@Jabberstorm.com"
"716",1,"Haycox, Antoine","Haycox, Ranna","Haycox.Ranna@Omba.com"
"717",2,"Tartt, Henka","Tartt, Janifer","Tartt.Janifer@Flipstorm.com"
"718",3,"Eastlake, Glennis","Eastlake, Lynea","Eastlake.Lynea@Browsezoom.com"
"719",2,"Denness, Norris","Denness, Staci","Denness.Staci@Aibox.com"
"720",1,"Keford, Michele","Keford, Stanwood","Keford.Stanwood@Skyndu.com"
"721",3,"Vinson, Chere","Vinson, Marcie","Vinson.Marcie@Meevee.com"
"722",2,"Swynfen, Natalie","Swynfen, Abbe","Swynfen.Abbe@Topicstorm.com"
"723",4,"Slaght, Zane","Slaght, Kyle","Slaght.Kyle@Jetwire.com"
"724",2,"Nobriga, Penni","Nobriga, Helen-elizabeth","Nobriga.Helen-elizabeth@Avamba.com"
"725",3,"Martina, Deb","Martina, Murdock","Martina.Murdock@Eazzy.com"
"726",3,"McGonnell, Alix","McGonnell, Elysee","McGonnell.Elysee@Wikibox.com"
"727",3,"Denniston, Poppy","Denniston, Marin","Denniston.Marin@Zazio.com"
"728",3,"Behr, Dino","Behr, Harwilll","Behr.Harwilll@Talane.com"
"729",1,"Paynton, Nikolai","Paynton, Derril","Paynton.Derril@BlogXS.com"
"730",4,"Abella, Kalindi","Abella, Brina","Abella.Brina@Brainverse.com"
"731",1,"Jedrzejczyk, Lina","Jedrzejczyk, Katusha","Jedrzejczyk.Katusha@Yakitri.com"
"732",3,"Shellard, Darrick","Shellard, Leslie","Shellard.Leslie@Miboo.com"
"733",4,"Brazur, Eunice","Brazur, Ambrosio","Brazur.Ambrosio@Vinder.com"
"734",4,"Vasquez, Livvyy","Vasquez, Georgianne","Vasquez.Georgianne@Rhyzio.com"
"735",4,"Figgen, Hyacintha","Figgen, Lynnett","Figgen.Lynnett@Jetpulse.com"
"736",1,"Daniello, Reggis","Daniello, Raffarty","Daniello.Raffarty@Feedfire.com"
"737",1,"Berrane, Braden","Berrane, Lizette","Berrane.Lizette@Quatz.com"
"738",4,"Wyrall, Gil","Wyrall, Fern","Wyrall.Fern@Oyoba.com"
"739",2,"Yurygyn, Emylee","Yurygyn, Cinderella","Yurygyn.Cinderella@Centizu.com"
"740",2,"Colvill, Rori","Colvill, Chaddy","Colvill.Chaddy@Leenti.com"
"741",1,"Ibbitson, Margot","Ibbitson, Rutherford","Ibbitson.Rutherford@Skipstorm.com"
"742",3,"Greengrass, Brenden","Greengrass, Nesta","Greengrass.Nesta@Divape.com"
"743",2,"Marte, Pepi","Marte, Ernestine","Marte.Ernestine@Zoombox.com"
"744",2,"Veare, Lindi","Veare, Whitman","Veare.Whitman@Dabfeed.com"
"745",1,"Slucock, Randi","Slucock, Elisha","Slucock.Elisha@Edgeclub.com"
"746",2,"Guitton, Tate","Guitton, Penrod","Guitton.Penrod@Babbleopia.com"
"747",2,"Queree, Farris","Queree, Tyler","Queree.Tyler@Zazio.com"
"748",4,"Goulstone, Janina","Goulstone, Ema","Goulstone.Ema@Kwinu.com"
"749",3,"McCuaig, Samara","McCuaig, Kerrie","McCuaig.Kerrie@Yamia.com"
"750",2,"Sangwin, Austin","Sangwin, Nichols","Sangwin.Nichols@Zoomlounge.com"
"751",4,"Langforth, Jasmina","Langforth, Sibilla","Langforth.Sibilla@Voolia.com"
"752",2,"Geaney, Marve","Geaney, Sarita","Geaney.Sarita@Realmix.com"
"753",4,"Drinkel, Alyda","Drinkel, Katerine","Drinkel.Katerine@Mita.com"
"754",4,"McLean, Karry","McLean, Isaak","McLean.Isaak@Topiclounge.com"
"755",1,"Beggan, Jorgan","Beggan, Carlye","Beggan.Carlye@Thoughtblab.com"
"756",2,"Mathouse, Ned","Mathouse, Rubi","Mathouse.Rubi@Kayveo.com"
"757",4,"Chumley, Harrietta","Chumley, Chicky","Chumley.Chicky@Mybuzz.com"
"758",3,"Forestall, Florida","Forestall, Chevy","Forestall.Chevy@Fatz.com"
"759",4,"Potteril, Dodie","Potteril, Corly","Potteril.Corly@Twitterbridge.com"
"760",3,"Addeycott, Lacey","Addeycott, Janelle","Addeycott.Janelle@Jabbersphere.com"
"761",4,"Cona, Yoshiko","Cona, Enoch","Cona.Enoch@Voomm.com"
"762",2,"Readwood, Maggi","Readwood, Malvin","Readwood.Malvin@Divavu.com"
"763",3,"Regglar, Davon","Regglar, Sella","Regglar.Sella@Aimbu.com"
"764",1,"Dainty, Laird","Dainty, Elvina","Dainty.Elvina@Tekfly.com"
"765",4,"Halfhyde, Melvin","Halfhyde, Stefan","Halfhyde.Stefan@Wordpedia.com"
"766",1,"Dumingo, Emlen","Dumingo, Greg","Dumingo.Greg@Skyvu.com"
"767",2,"Tarbett, Aliza","Tarbett, Lambert","Tarbett.Lambert@Twitterlist.com"
"768",3,"Henrion, Rosalynd","Henrion, Jerrilyn","Henrion.Jerrilyn@Feedmix.com"
"769",2,"Martyn, Agata","Martyn, Keely","Martyn.Keely@Thoughtbeat.com"
"770",1,"Oswal, Basia","Oswal, Theadora","Oswal.Theadora@Meetz.com"
"771",4,"Beggs, Trumaine","Beggs, Joscelin","Beggs.Joscelin@Yadel.com"
"772",1,"MacCauley, Loreen","MacCauley, Pris","MacCauley.Pris@Mita.com"
"773",3,"Zorzi, Lynea","Zorzi, Jennie","Zorzi.Jennie@Brainsphere.com"
"774",3,"Bolstridge, Hans","Bolstridge, Aubree","Bolstridge.Aubree@Oloo.com"
"775",3,"Roycroft, Irvine","Roycroft, Thomas","Roycroft.Thomas@Realbuzz.com"
"776",2,"Valente, Thorstein","Valente, Alexandros","Valente.Alexandros@Thoughtbridge.com"
"777",1,"Grovier, Rosemonde","Grovier, Selia","Grovier.Selia@Skynoodle.com"
"778",1,"Elsey, Pepe","Elsey, Nonah","Elsey.Nonah@Skipfire.com"
"779",1,"Jurzyk, Nick","Jurzyk, Bari","Jurzyk.Bari@Youtags.com"
"780",2,"Joscelyne, Katharina","Joscelyne, Letta","Joscelyne.Letta@Linktype.com"
"781",1,"Geipel, Skip","Geipel, Loleta","Geipel.Loleta@Flashpoint.com"
"782",4,"Penrith, Parrnell","Penrith, Barb","Penrith.Barb@Gigaclub.com"
"783",2,"Ferandez, Reggis","Ferandez, Nyssa","Ferandez.Nyssa@Thoughtblab.com"
"784",2,"Bischof, Valentine","Bischof, Margette","Bischof.Margette@Oba.com"
"785",3,"Townson, Adah","Townson, Gay","Townson.Gay@Teklist.com"
"786",1,"Yosifov, Andy","Yosifov, Meade","Yosifov.Meade@Gabcube.com"
"787",1,"Milham, Tracey","Milham, Helga","Milham.Helga@Latz.com"
"788",2,"Meynell, Tammie","Meynell, Lee","Meynell.Lee@Dabtype.com"
"789",2,"Tithecote, Haywood","Tithecote, Burk","Tithecote.Burk@Topicware.com"
"790",3,"Gove, Caye","Gove, Jock","Gove.Jock@Bluezoom.com"
"791",4,"Nutman, Armstrong","Nutman, Nonah","Nutman.Nonah@Meedoo.com"
"792",2,"Bront, Mariska","Bront, Gualterio","Bront.Gualterio@Yakijo.com"
"793",3,"Ivanin, Shina","Ivanin, Ber","Ivanin.Ber@Oozz.com"
"794",3,"Bissiker, Vance","Bissiker, Zebulen","Bissiker.Zebulen@Izio.com"
"795",1,"Tussaine, Ebenezer","Tussaine, Romonda","Tussaine.Romonda@Tekfly.com"
"796",2,"Enriques, Findley","Enriques, Elisabet","Enriques.Elisabet@Rhybox.com"
"797",2,"Belshaw, Rosamond","Belshaw, Irvin","Belshaw.Irvin@Feednation.com"
"798",4,"Fieldgate, Barclay","Fieldgate, Jesse","Fieldgate.Jesse@Rhycero.com"
"799",4,"O' Connell, Tammie","O' Connell, Gillie","O' Connell.Gillie@Thoughtbridge.com"
"800",2,"Plunket, Jami","Plunket, Louis","Plunket.Louis@Wordtune.com"
"801",1,"Spinetti, Stacee","Spinetti, Susan","Spinetti.Susan@Leexo.com"
"802",3,"Segrave, Correna","Segrave, Gaspar","Segrave.Gaspar@Jamia.com"
"803",4,"Hele, Gil","Hele, Odetta","Hele.Odetta@Kwilith.com"
"804",2,"Doig, Isaiah","Doig, Agathe","Doig.Agathe@Abata.com"
"805",2,"Quodling, Davidson","Quodling, Jean","Quodling.Jean@Snaptags.com"
"806",2,"Swaby, Saul","Swaby, Eadith","Swaby.Eadith@Youbridge.com"
"807",3,"Glassard, Melanie","Glassard, Belva","Glassard.Belva@Dynabox.com"
"808",4,"Galland, Sharity","Galland, Cecile","Galland.Cecile@Dabshots.com"
"809",2,"Lillgard, Antoine","Lillgard, Corenda","Lillgard.Corenda@Meevee.com"
"810",4,"Wadesworth, Dorotea","Wadesworth, Marleen","Wadesworth.Marleen@Buzzshare.com"
"811",1,"Ciani, Kimberlee","Ciani, Yurik","Ciani.Yurik@Vipe.com"
"812",1,"Dorsey, Pauline","Dorsey, Erich","Dorsey.Erich@Wordtune.com"
"813",1,"Forward, Bettina","Forward, Konstantine","Forward.Konstantine@Aibox.com"
"814",4,"Ginnelly, Mike","Ginnelly, Colver","Ginnelly.Colver@Youfeed.com"
"815",4,"Hatcliffe, Conroy","Hatcliffe, Blake","Hatcliffe.Blake@Yamia.com"
"816",3,"Gavaghan, Cecil","Gavaghan, Fawne","Gavaghan.Fawne@Blogpad.com"
"817",1,"Pattingson, Filippa","Pattingson, Petunia","Pattingson.Petunia@Zoomzone.com"
"818",4,"Harford, Janene","Harford, Matthew","Harford.Matthew@Skyvu.com"
"819",4,"Livings, Carri","Livings, Malcolm","Livings.Malcolm@Realcube.com"
"820",2,"Kleinhandler, Mitzi","Kleinhandler, Keslie","Kleinhandler.Keslie@Feedfire.com"
"821",3,"Matas, Shaine","Matas, Kerrin","Matas.Kerrin@Dabjam.com"
"822",2,"Tutin, Fraze","Tutin, Cayla","Tutin.Cayla@Digitube.com"
"823",1,"Mallett, Nola","Mallett, Herbie","Mallett.Herbie@Wikibox.com"
"824",2,"Burford, Hardy","Burford, Cole","Burford.Cole@Meembee.com"
"825",2,"Pedlingham, Sarine","Pedlingham, Gayle","Pedlingham.Gayle@Flipbug.com"
"826",3,"Amyes, Bary","Amyes, Mervin","Amyes.Mervin@Zoombox.com"
"827",2,"Sheerman, Berthe","Sheerman, Pinchas","Sheerman.Pinchas@Gabtype.com"
"828",1,"Divina, Charisse","Divina, Drugi","Divina.Drugi@Babbleblab.com"
"829",3,"Emms, Calla","Emms, Fitzgerald","Emms.Fitzgerald@Youspan.com"
"830",1,"Breheny, West","Breheny, Delores","Breheny.Delores@Blogtags.com"
"831",2,"Piner, Patsy","Piner, Bat","Piner.Bat@Linklinks.com"
"832",4,"Janusz, Fairleigh","Janusz, Eleanor","Janusz.Eleanor@Skipfire.com"
"833",3,"Lepere, Rodrick","Lepere, Fern","Lepere.Fern@Dabvine.com"
"834",1,"Burkert, Kissie","Burkert, Candra","Burkert.Candra@Yodel.com"
"835",1,"Joost, Alanson","Joost, Sherri","Joost.Sherri@Feedfish.com"
"836",2,"Deares, Shelly","Deares, Rebecca","Deares.Rebecca@Voonder.com"
"837",4,"Moseby, Angy","Moseby, Rakel","Moseby.Rakel@Skinte.com"
"838",1,"Triggol, Corabel","Triggol, Murray","Triggol.Murray@Dazzlesphere.com"
"839",4,"Kennan, Jose","Kennan, Frannie","Kennan.Frannie@Devify.com"
"840",1,"Dey, Ferd","Dey, Gay","Dey.Gay@Buzzbean.com"
"841",4,"Bumphrey, Katlin","Bumphrey, Eilis","Bumphrey.Eilis@Roomm.com"
"842",2,"Gauld, Dana","Gauld, Raddie","Gauld.Raddie@Skivee.com"
"843",4,"McReidy, Alys","McReidy, Malvin","McReidy.Malvin@Mudo.com"
"844",3,"Kenwell, Maure","Kenwell, Kip","Kenwell.Kip@Thoughtbeat.com"
"845",1,"Roark, Virgie","Roark, Alyosha","Roark.Alyosha@Oba.com"
"846",1,"Biggerstaff, Jacklin","Biggerstaff, Berna","Biggerstaff.Berna@Miboo.com"
"847",1,"Fautly, Wade","Fautly, Ahmad","Fautly.Ahmad@Yakidoo.com"
"848",2,"Capewell, Loydie","Capewell, Patrizio","Capewell.Patrizio@Plajo.com"
"849",2,"Sankey, Emmalynn","Sankey, Sabrina","Sankey.Sabrina@Meetz.com"
"850",3,"Gerring, Shannon","Gerring, Ashbey","Gerring.Ashbey@Youfeed.com"
"851",4,"Cornewall, Denna","Cornewall, Lona","Cornewall.Lona@Yozio.com"
"852",2,"Barca, Meyer","Barca, Aymer","Barca.Aymer@Realpoint.com"
"853",3,"Macklin, Goldia","Macklin, Sigmund","Macklin.Sigmund@Zoomcast.com"
"854",3,"Dawbery, Curry","Dawbery, Mareah","Dawbery.Mareah@Avamm.com"
"855",3,"Elderkin, Heidi","Elderkin, Karilynn","Elderkin.Karilynn@Dabtype.com"
"856",4,"Derrett, Peggie","Derrett, Gil","Derrett.Gil@Quaxo.com"
"857",1,"Hauck, Ingunna","Hauck, Frederik","Hauck.Frederik@Mybuzz.com"
"858",4,"Gosson, Emmott","Gosson, Trisha","Gosson.Trisha@Flashdog.com"
"859",1,"O'Currine, Guinna","O'Currine, Halimeda","O'Currine.Halimeda@Lajo.com"
"860",4,"Causier, Haleigh","Causier, Rory","Causier.Rory@Yotz.com"
"861",1,"Hovenden, Karel","Hovenden, Gino","Hovenden.Gino@Realbridge.com"
"862",1,"Heathcott, Ragnar","Heathcott, Morganica","Heathcott.Morganica@Vimbo.com"
"863",2,"Gleder, Axe","Gleder, Andris","Gleder.Andris@Twinder.com"
"864",4,"Frane, Poul","Frane, Martainn","Frane.Martainn@Vinte.com"
"865",4,"Pelerin, Jerry","Pelerin, Cortney","Pelerin.Cortney@Meemm.com"
"866",2,"Littledike, Gayler","Littledike, Mellicent","Littledike.Mellicent@Meedoo.com"
"867",1,"Chilvers, Bartlett","Chilvers, Dame","Chilvers.Dame@Buzzster.com"
"868",2,"Munnings, Harwell","Munnings, Calla","Munnings.Calla@Shufflester.com"
"869",3,"Constantine, Russell","Constantine, Ike","Constantine.Ike@Abata.com"
"870",1,"Ludlom, Zulema","Ludlom, Neille","Ludlom.Neille@Buzzdog.com"
"871",1,"Wogdon, Dewain","Wogdon, Normy","Wogdon.Normy@Oodoo.com"
"872",3,"Altamirano, Merrily","Altamirano, Selina","Altamirano.Selina@Einti.com"
"873",3,"Rattrie, Bartholemy","Rattrie, Kylie","Rattrie.Kylie@Blognation.com"
"874",4,"Heikkinen, Leroi","Heikkinen, Elmore","Heikkinen.Elmore@Quinu.com"
"875",2,"Blakes, Kamila","Blakes, Rey","Blakes.Rey@Divape.com"
"876",4,"Seedull, Vincent","Seedull, Ekaterina","Seedull.Ekaterina@Brainverse.com"
"877",3,"La Torre, Remy","La Torre, Hillary","La Torre.Hillary@Twitterbridge.com"
"878",1,"Lawty, Brig","Lawty, Bibi","Lawty.Bibi@Yozio.com"
"879",2,"Darben, Kassie","Darben, Chan","Darben.Chan@Thoughtmix.com"
"880",3,"Drees, Barnie","Drees, Roddie","Drees.Roddie@Photojam.com"
"881",3,"Pezey, Leslie","Pezey, Graehme","Pezey.Graehme@Edgepulse.com"
"882",2,"Gobel, Ted","Gobel, Stillman","Gobel.Stillman@Yotz.com"
"883",2,"Pagen, Noach","Pagen, Clywd","Pagen.Clywd@Riffpedia.com"
"884",3,"Taggert, Elita","Taggert, Robb","Taggert.Robb@Voonix.com"
"885",3,"Roches, Tony","Roches, Cam","Roches.Cam@Edgeblab.com"
"886",4,"Wines, Phelia","Wines, Dana","Wines.Dana@Aibox.com"
"887",3,"Boarer, Kris","Boarer, Brigitta","Boarer.Brigitta@Oyope.com"
"888",4,"Fearey, Courtnay","Fearey, Micki","Fearey.Micki@Youopia.com"
"889",2,"Pedrazzi, Bartie","Pedrazzi, Rhody","Pedrazzi.Rhody@Oyope.com"
"890",1,"Sogg, Pincas","Sogg, Hana","Sogg.Hana@Wikizz.com"
"891",4,"Rand, Delainey","Rand, Lyndsey","Rand.Lyndsey@Yotz.com"
"892",3,"Fleis, Alvy","Fleis, Aurea","Fleis.Aurea@Skyba.com"
"893",2,"Thominga, Chrotoem","Thominga, Vernor","Thominga.Vernor@Reallinks.com"
"894",4,"Gobel, Ebeneser","Gobel, Cindi","Gobel.Cindi@Pixoboo.com"
"895",2,"Perillio, Orelee","Perillio, Bonnibelle","Perillio.Bonnibelle@Photobug.com"
"896",4,"Wiffen, Carmelita","Wiffen, Aili","Wiffen.Aili@Buzzdog.com"
"897",4,"Grimestone, Dion","Grimestone, Tiffany","Grimestone.Tiffany@Thoughtmix.com"
"898",3,"Sloey, Terry","Sloey, Elwin","Sloey.Elwin@Shuffledrive.com"
"899",1,"Pallaske, Reube","Pallaske, Mal","Pallaske.Mal@Thoughtmix.com"
"900",4,"Woodard, Ossie","Woodard, Deane","Woodard.Deane@Devpoint.com"
"901",3,"Navarijo, Olly","Navarijo, Tully","Navarijo.Tully@Fliptune.com"
"902",1,"Shackesby, Maybelle","Shackesby, Lynna","Shackesby.Lynna@Zoovu.com"
"903",3,"Plum, Seumas","Plum, Tuesday","Plum.Tuesday@Kare.com"
"904",1,"Glassborow, Burl","Glassborow, Elwood","Glassborow.Elwood@Flipstorm.com"
"905",1,"Laidler, Farra","Laidler, Timmy","Laidler.Timmy@Talane.com"
"906",3,"Callicott, Olwen","Callicott, Susan","Callicott.Susan@Photobug.com"
"907",3,"Djorvic, Zoe","Djorvic, May","Djorvic.May@Youspan.com"
"908",4,"Faudrie, Tonye","Faudrie, Wendel","Faudrie.Wendel@Tazz.com"
"909",3,"Alvin, Jody","Alvin, Berthe","Alvin.Berthe@Zooxo.com"
"910",1,"Feuell, Brandie","Feuell, Sauncho","Feuell.Sauncho@Chatterpoint.com"
"911",3,"Stonard, Mic","Stonard, Aeriela","Stonard.Aeriela@Zoonoodle.com"
"912",4,"Kevane, Jilli","Kevane, Onfre","Kevane.Onfre@Wikido.com"
"913",2,"Fforde, Jessie","Fforde, Zia","Fforde.Zia@Yodoo.com"
"914",1,"Manntschke, Eleonora","Manntschke, Sioux","Manntschke.Sioux@Zoomzone.com"
"915",3,"Bergin, Westley","Bergin, Jayme","Bergin.Jayme@Yakidoo.com"
"916",2,"Carabine, Thelma","Carabine, Daren","Carabine.Daren@Meeveo.com"
"917",1,"Ferebee, Nannie","Ferebee, Darsey","Ferebee.Darsey@Reallinks.com"
"918",1,"Klink, Sib","Klink, Sloane","Klink.Sloane@Zoovu.com"
"919",1,"Skellion, Keely","Skellion, Aubrey","Skellion.Aubrey@Kwideo.com"
"920",3,"Rosthorn, Erinna","Rosthorn, Cathee","Rosthorn.Cathee@Dazzlesphere.com"
"921",2,"Lewinton, Elvin","Lewinton, Trey","Lewinton.Trey@Kwimbee.com"
"922",2,"Zoellner, Rosana","Zoellner, Harley","Zoellner.Harley@Yoveo.com"
"923",3,"Blackborough, Elaine","Blackborough, Juditha","Blackborough.Juditha@Photofeed.com"
"924",3,"Ovett, Roddie","Ovett, Melodie","Ovett.Melodie@Browsedrive.com"
"925",3,"Galia, Ninnetta","Galia, Gibby","Galia.Gibby@DabZ.com"
"926",1,"Norewood, Casandra","Norewood, Rivkah","Norewood.Rivkah@Zoomzone.com"
"927",4,"Haney`, Pen","Haney`, Talyah","Haney`.Talyah@Jaxworks.com"
"928",1,"Mendel, Brigg","Mendel, Morna","Mendel.Morna@Flipstorm.com"
"929",4,"Cookney, Susana","Cookney, Janet","Cookney.Janet@Skyvu.com"
"930",2,"Widger, Codi","Widger, Davey","Widger.Davey@Trunyx.com"
"931",1,"Finlason, Sonny","Finlason, Gibby","Finlason.Gibby@Photospace.com"
"932",2,"Whardley, Felike","Whardley, Costanza","Whardley.Costanza@Yabox.com"
"933",4,"Overill, Aileen","Overill, Dene","Overill.Dene@Oyondu.com"
"934",2,"Hobble, Rayna","Hobble, Lancelot","Hobble.Lancelot@Twitterlist.com"
"935",1,"Corradeschi, Dela","Corradeschi, Bea","Corradeschi.Bea@Devcast.com"
"936",2,"Arnald, Temple","Arnald, Barrie","Arnald.Barrie@Feedspan.com"
"937",4,"Garnsworthy, Corey","Garnsworthy, Eryn","Garnsworthy.Eryn@Brainbox.com"
"938",3,"Skotcher, Lyssa","Skotcher, Dinny","Skotcher.Dinny@Shuffletag.com"
"939",2,"Congreave, Farra","Congreave, Cairistiona","Congreave.Cairistiona@Topdrive.com"
"940",2,"Hartle, Chanda","Hartle, Christopher","Hartle.Christopher@Meejo.com"
"941",3,"Pressman, Emmott","Pressman, Robers","Pressman.Robers@Omba.com"
"942",3,"Roussel, Alvera","Roussel, Reinold","Roussel.Reinold@Chatterbridge.com"
"943",3,"Pennington, Korney","Pennington, Roanna","Pennington.Roanna@Youfeed.com"
"944",4,"Rousby, Travus","Rousby, Sammie","Rousby.Sammie@Dablist.com"
"945",2,"Pleaden, Wakefield","Pleaden, Carri","Pleaden.Carri@Katz.com"
"946",2,"Pirrie, Amy","Pirrie, Nomi","Pirrie.Nomi@Zava.com"
"947",1,"Poyntz, Barn","Poyntz, Alikee","Poyntz.Alikee@Skimia.com"
"948",2,"Okie, Heindrick","Okie, Bertine","Okie.Bertine@Feednation.com"
"949",4,"Thulborn, Gan","Thulborn, Cornelius","Thulborn.Cornelius@Jaxbean.com"
"950",1,"Wallach, Delphinia","Wallach, Prudy","Wallach.Prudy@Thoughtworks.com"
"951",3,"Hallad, Harlin","Hallad, Rowney","Hallad.Rowney@Meemm.com"
"952",1,"Side, Ida","Side, Gavan","Side.Gavan@Mymm.com"
"953",1,"Cavilla, Lia","Cavilla, Aurelie","Cavilla.Aurelie@Dynabox.com"
"954",3,"Bevans, Tammie","Bevans, Kristi","Bevans.Kristi@Jabbercube.com"
"955",4,"Genny, Towney","Genny, Hymie","Genny.Hymie@Kwideo.com"
"956",1,"Midson, Darsie","Midson, Tiffanie","Midson.Tiffanie@Buzzbean.com"
"957",1,"Timeby, Bobbee","Timeby, Lemmie","Timeby.Lemmie@Jayo.com"
"958",4,"Pardal, Giacinta","Pardal, Richmond","Pardal.Richmond@Rhyzio.com"
"959",1,"McCrossan, Justinian","McCrossan, Margy","McCrossan.Margy@Kazu.com"
"960",2,"Peizer, Maxine","Peizer, Nannette","Peizer.Nannette@Devcast.com"
"961",4,"Oloshin, Claudell","Oloshin, Lilli","Oloshin.Lilli@Kaymbo.com"
"962",3,"Marc, Risa","Marc, Minni","Marc.Minni@Twitterworks.com"
"963",4,"Kowalski, Leontine","Kowalski, Devinne","Kowalski.Devinne@Zazio.com"
"964",3,"Lindsell, Yasmin","Lindsell, Wit","Lindsell.Wit@Wikizz.com"
"965",3,"Bestwick, Carlyle","Bestwick, Rollie","Bestwick.Rollie@Yakijo.com"
"966",3,"Emps, Arnold","Emps, Madelene","Emps.Madelene@Bluezoom.com"
"967",1,"Trevaskus, Cassandry","Trevaskus, Jerrilee","Trevaskus.Jerrilee@Eazzy.com"
"968",2,"Whitlock, Julianna","Whitlock, Bendix","Whitlock.Bendix@JumpXS.com"
"969",4,"Grzelewski, Meryl","Grzelewski, Gray","Grzelewski.Gray@Twitterbridge.com"
"970",1,"Ketch, Louella","Ketch, Sly","Ketch.Sly@Yakijo.com"
"971",4,"Dreng, Meredith","Dreng, Fernanda","Dreng.Fernanda@Buzzshare.com"
"972",1,"Bridgstock, Brana","Bridgstock, Lynett","Bridgstock.Lynett@Innotype.com"
"973",1,"Roswarne, Efrem","Roswarne, Kipper","Roswarne.Kipper@Oyoyo.com"
"974",4,"Hannabuss, Catrina","Hannabuss, Hernando","Hannabuss.Hernando@Bubbletube.com"
"975",3,"Swansbury, Ainslie","Swansbury, Twila","Swansbury.Twila@Browsetype.com"
"976",3,"Archard, Jerry","Archard, Hilliary","Archard.Hilliary@Ntag.com"
"977",3,"Chevis, Cly","Chevis, Quinta","Chevis.Quinta@Mymm.com"
"978",2,"Alves, Tarrance","Alves, Ogdon","Alves.Ogdon@Pixope.com"
"979",1,"Bakesef, Geneva","Bakesef, Kimball","Bakesef.Kimball@Flashpoint.com"
"980",3,"Youel, Rosaline","Youel, Ted","Youel.Ted@Shufflebeat.com"
"981",2,"Cessford, Livvyy","Cessford, Evangeline","Cessford.Evangeline@Cogibox.com"
"982",1,"Maharey, Deirdre","Maharey, Whit","Maharey.Whit@Browseblab.com"
"983",2,"Heckney, Dyan","Heckney, Opalina","Heckney.Opalina@Realbridge.com"
"984",1,"Bunclark, Alika","Bunclark, Daffi","Bunclark.Daffi@Quatz.com"
"985",3,"Flewitt, Daryle","Flewitt, Madelina","Flewitt.Madelina@Gigazoom.com"
"986",1,"Okeshott, Clovis","Okeshott, Steffen","Okeshott.Steffen@Yakijo.com"
"987",1,"Shory, Gratia","Shory, Ardith","Shory.Ardith@Devcast.com"
"988",3,"Beidebeke, Alane","Beidebeke, Frans","Beidebeke.Frans@Camimbo.com"
"989",3,"Hembery, Bridie","Hembery, Agatha","Hembery.Agatha@Bluejam.com"
"990",3,"Loughran, Hannis","Loughran, Hadleigh","Loughran.Hadleigh@Thoughtsphere.com"
"991",4,"Glowinski, Gwen","Glowinski, Hillier","Glowinski.Hillier@Twitterworks.com"
"992",1,"Wrightson, Henrie","Wrightson, Layton","Wrightson.Layton@Zoomlounge.com"
"993",2,"Raine, Ludwig","Raine, Chicky","Raine.Chicky@Skilith.com"
"994",2,"Pie, Hamel","Pie, Hill","Pie.Hill@Jatri.com"
"995",4,"Sergison, Tamma","Sergison, Tarrance","Sergison.Tarrance@Bluejam.com"
"996",1,"Worling, Ninetta","Worling, Sibbie","Worling.Sibbie@Omba.com"
"997",3,"Tinton, Stanford","Tinton, Kyle","Tinton.Kyle@Dabshots.com"
"998",2,"MacCook, Ertha","MacCook, Sidonia","MacCook.Sidonia@Topicshots.com"
"999",4,"Randles, Lawton","Randles, Kali","Randles.Kali@Skalith.com"
"1000",2,"Pashbee, Engracia","Pashbee, Emlynn","Pashbee.Emlynn@Zoomzone.com"
